id,user_id,available_balance,frozen_balance,status,version,create_time,update_time
ACC40A36047A3794FFE,1,5000.0,0.0,ACTIVE,1,2026-07-24 23:25:42,2026-07-24 23:25:42
ACC6761810E242743CB,2,5000.0,0.0,ACTIVE,1,2026-08-09 09:10:42,2026-08-09 09:10:42
ACCBDF8A08C36534947,3,5000.0,0.0,ACTIVE,1,2026-08-13 21:41:42,2026-08-13 21:41:42
ACC19F65AFA8A8741B3,4,5000.0,0.0,ACTIVE,1,2026-07-26 12:28:42,2026-07-26 12:28:42
ACC5F99D3934D344170,5,5000.0,0.0,ACTIVE,1,2026-08-08 22:46:42,2026-08-08 22:46:42
ACC9A58A7C10AC544E4,6,5000.0,0.0,ACTIVE,1,2026-08-14 17:45:42,2026-08-14 17:45:42
ACCB8C452F628B94A29,7,5000.0,0.0,ACTIVE,1,2026-07-23 23:57:42,2026-07-23 23:57:42
ACC198B9A9203254814,8,5000.0,0.0,ACTIVE,1,2026-08-13 04:11:42,2026-08-13 04:11:42
ACC2C51F266A42A4DF4,9,5000.0,0.0,ACTIVE,1,2026-08-08 02:21:42,2026-08-08 02:21:42
ACC0F5471AE5FE34B77,10,5000.0,0.0,ACTIVE,1,2026-08-13 23:53:42,2026-08-13 23:53:42
ACC4E04399D86864C37,11,5000.0,0.0,ACTIVE,1,2026-07-28 10:54:42,2026-07-28 10:54:42
ACC7D2184B8A91F4DBF,12,5000.0,0.0,ACTIVE,1,2026-07-26 00:18:42,2026-07-26 00:18:42
ACC4D30B32484354DDE,13,5000.0,0.0,ACTIVE,1,2026-07-29 17:07:42,2026-07-29 17:07:42
ACC9C8ADA1A25CA4F30,14,5000.0,0.0,ACTIVE,1,2026-07-30 22:27:42,2026-07-30 22:27:42
ACC6EE21EF3CAC04638,15,5000.0,0.0,ACTIVE,1,2026-07-29 05:15:42,2026-07-29 05:15:42
ACC289742E655C245F5,16,5000.0,0.0,ACTIVE,1,2026-08-01 07:29:42,2026-08-01 07:29:42
ACC1DD5D50B62F44461,17,5000.0,0.0,ACTIVE,1,2026-07-26 15:01:42,2026-07-26 15:01:42
ACCD4D9E0DBCD2448BD,18,5000.0,0.0,ACTIVE,1,2026-08-02 20:24:42,2026-08-02 20:24:42
ACC856E627C9CBE4604,19,5000.0,0.0,ACTIVE,1,2026-07-21 01:53:42,2026-07-21 01:53:42
ACC973F2753C12C44BA,20,5000.0,0.0,ACTIVE,1,2026-08-06 10:35:42,2026-08-06 10:35:42
ACCBD902A7D93F24AEC,21,5000.0,0.0,ACTIVE,1,2026-07-20 02:03:42,2026-07-20 02:03:42
ACCA1D89DD8BCF449C0,22,5000.0,0.0,ACTIVE,1,2026-08-02 05:52:42,2026-08-02 05:52:42
ACCE4DBC242AF144EBA,23,5000.0,0.0,ACTIVE,1,2026-08-04 23:07:42,2026-08-04 23:07:42
ACCC07F66E1A1604698,24,5000.0,0.0,ACTIVE,1,2026-07-23 17:42:42,2026-07-23 17:42:42
ACC3F50859B7A05434A,25,5000.0,0.0,ACTIVE,1,2026-08-12 09:27:42,2026-08-12 09:27:42
ACC9DCC3050F88348E4,26,5000.0,0.0,ACTIVE,1,2026-08-15 22:17:42,2026-08-15 22:17:42
ACCCC2B9BAD344540B3,27,5000.0,0.0,ACTIVE,1,2026-08-07 01:55:42,2026-08-07 01:55:42
ACCBD3B878091754BA8,28,5000.0,0.0,ACTIVE,1,2026-08-14 11:02:42,2026-08-14 11:02:42
ACC0C9019445AFF474A,29,5000.0,0.0,ACTIVE,1,2026-08-12 22:02:42,2026-08-12 22:02:42
ACCE6582EA95CB94CA2,30,5000.0,0.0,ACTIVE,1,2026-07-17 20:37:42,2026-07-17 20:37:42
ACC337DFC4886274BAB,31,5000.0,0.0,ACTIVE,1,2026-08-03 03:25:42,2026-08-03 03:25:42
ACC84BD17A5F2BF4153,32,5000.0,0.0,ACTIVE,1,2026-07-30 14:31:42,2026-07-30 14:31:42
ACCF7F5E8061CA34D85,33,5000.0,0.0,ACTIVE,1,2026-07-30 18:59:42,2026-07-30 18:59:42
ACC4CC30DC1D2C94585,34,5000.0,0.0,ACTIVE,1,2026-08-08 05:34:42,2026-08-08 05:34:42
ACC8319F9A75382431C,35,5000.0,0.0,ACTIVE,1,2026-07-21 18:37:42,2026-07-21 18:37:42
ACCE758B4B887684E7F,36,5000.0,0.0,ACTIVE,1,2026-07-28 21:24:42,2026-07-28 21:24:42
ACCC9C80384B6F94B26,37,5000.0,0.0,ACTIVE,1,2026-07-30 03:33:42,2026-07-30 03:33:42
ACC8230ACB3B2CE4316,38,5000.0,0.0,ACTIVE,1,2026-07-23 01:31:42,2026-07-23 01:31:42
ACC73B1F4421C0C43BF,39,5000.0,0.0,ACTIVE,1,2026-07-20 12:11:42,2026-07-20 12:11:42
ACC13EC80F0AFEF4AAC,40,5000.0,0.0,ACTIVE,1,2026-08-04 11:01:42,2026-08-04 11:01:42
ACC7722E13932624DB2,41,5000.0,0.0,ACTIVE,1,2026-08-05 19:25:42,2026-08-05 19:25:42
ACC6D856F4A43E241AD,42,5000.0,0.0,ACTIVE,1,2026-07-25 22:46:42,2026-07-25 22:46:42
ACCF5D4320AE1CC4504,43,5000.0,0.0,ACTIVE,1,2026-08-12 02:18:42,2026-08-12 02:18:42
ACC3146288B56A54D72,44,5000.0,0.0,ACTIVE,1,2026-07-20 04:49:42,2026-07-20 04:49:42
ACC68246B4B770F4F3C,45,5000.0,0.0,ACTIVE,1,2026-08-15 19:46:42,2026-08-15 19:46:42
ACC914E53509D204CED,46,5000.0,0.0,ACTIVE,1,2026-08-14 03:05:42,2026-08-14 03:05:42
ACC840E0B837FE24E44,47,5000.0,0.0,ACTIVE,1,2026-07-27 20:30:42,2026-07-27 20:30:42
ACCC0524485807F44BA,48,5000.0,0.0,ACTIVE,1,2026-07-19 21:01:42,2026-07-19 21:01:42
ACCA93B81A19A464E95,49,5000.0,0.0,ACTIVE,1,2026-08-05 22:10:42,2026-08-05 22:10:42
ACCD4D167E1512C4FB1,50,5000.0,0.0,ACTIVE,1,2026-08-14 23:51:42,2026-08-14 23:51:42
ACCEB3A3EFCC5DF401C,51,5000.0,0.0,ACTIVE,1,2026-08-08 19:50:42,2026-08-08 19:50:42
ACCF7FAA510ABBB452B,52,5000.0,0.0,ACTIVE,1,2026-07-22 22:10:42,2026-07-22 22:10:42
ACC97D1B36E2A424A43,53,5000.0,0.0,ACTIVE,1,2026-08-10 20:36:42,2026-08-10 20:36:42
ACC3BCFCC7C714A46FE,54,5000.0,0.0,ACTIVE,1,2026-08-06 17:37:42,2026-08-06 17:37:42
ACC4CBE3E96D64F48CA,55,5000.0,0.0,ACTIVE,1,2026-08-03 14:40:42,2026-08-03 14:40:42
ACC9B0200824DDD4335,56,5000.0,0.0,ACTIVE,1,2026-07-28 21:05:42,2026-07-28 21:05:42
ACC8F8CDE5EB77542C6,57,5000.0,0.0,ACTIVE,1,2026-08-11 16:16:42,2026-08-11 16:16:42
ACC47CEE817221248EC,58,5000.0,0.0,ACTIVE,1,2026-07-26 11:24:42,2026-07-26 11:24:42
ACC6B7DAE38F67645D3,59,5000.0,0.0,ACTIVE,1,2026-08-09 04:15:42,2026-08-09 04:15:42
ACC6A837A4CE209456B,60,5000.0,0.0,ACTIVE,1,2026-08-07 21:55:42,2026-08-07 21:55:42
ACC7DD6FE8D0A99408B,61,5000.0,0.0,ACTIVE,1,2026-07-26 01:45:42,2026-07-26 01:45:42
ACC277A9D1096C842AB,62,5000.0,0.0,ACTIVE,1,2026-08-05 00:36:42,2026-08-05 00:36:42
ACC65C8C2F2BF48495B,63,5000.0,0.0,ACTIVE,1,2026-07-25 10:26:42,2026-07-25 10:26:42
ACC31F746394B894283,64,5000.0,0.0,ACTIVE,1,2026-08-04 03:49:42,2026-08-04 03:49:42
ACCEC26460583314BB2,65,5000.0,0.0,ACTIVE,1,2026-07-29 07:19:42,2026-07-29 07:19:42
ACCDF893AB80065464E,66,5000.0,0.0,ACTIVE,1,2026-08-15 21:30:42,2026-08-15 21:30:42
ACC548E77ADDF934044,67,5000.0,0.0,ACTIVE,1,2026-07-28 21:06:42,2026-07-28 21:06:42
ACC901A2B04BBF04533,68,5000.0,0.0,ACTIVE,1,2026-07-24 03:02:42,2026-07-24 03:02:42
ACC3272E318B35C4DF7,69,5000.0,0.0,ACTIVE,1,2026-07-28 07:41:42,2026-07-28 07:41:42
ACC52EF951A9EBA4263,70,5000.0,0.0,ACTIVE,1,2026-07-28 10:12:42,2026-07-28 10:12:42
ACCC876CB10D8A94D11,71,5000.0,0.0,ACTIVE,1,2026-07-18 22:14:42,2026-07-18 22:14:42
ACCF13D8068EEEE4DF4,72,5000.0,0.0,ACTIVE,1,2026-07-22 04:53:42,2026-07-22 04:53:42
ACC91605CF0FC0B44CC,73,5000.0,0.0,ACTIVE,1,2026-07-24 14:50:42,2026-07-24 14:50:42
ACC266BE95514454256,74,5000.0,0.0,ACTIVE,1,2026-07-24 05:44:42,2026-07-24 05:44:42
ACCB3C4C4EB18644D9B,75,5000.0,0.0,ACTIVE,1,2026-07-22 00:59:42,2026-07-22 00:59:42
ACC90416777BAD64CD1,76,5000.0,0.0,ACTIVE,1,2026-07-31 10:02:42,2026-07-31 10:02:42
ACCE9C703D878C549CA,77,5000.0,0.0,ACTIVE,1,2026-07-18 03:04:42,2026-07-18 03:04:42
ACC2D588CB14D3B4938,78,5000.0,0.0,ACTIVE,1,2026-07-22 15:26:42,2026-07-22 15:26:42
ACC08675262A6744A3E,79,5000.0,0.0,ACTIVE,1,2026-07-23 11:00:42,2026-07-23 11:00:42
ACC49E126DDB72246D0,80,5000.0,0.0,ACTIVE,1,2026-08-05 16:05:42,2026-08-05 16:05:42
ACC112E7E6E592C4831,81,5000.0,0.0,ACTIVE,1,2026-08-08 01:48:42,2026-08-08 01:48:42
ACC754C7CDABAC8435A,82,5000.0,0.0,ACTIVE,1,2026-07-25 19:12:42,2026-07-25 19:12:42
ACC8DF144A1E0114539,83,5000.0,0.0,ACTIVE,1,2026-08-03 22:32:42,2026-08-03 22:32:42
ACC977BFAD1A1004A43,84,5000.0,0.0,ACTIVE,1,2026-08-01 18:16:42,2026-08-01 18:16:42
ACC99D038913F4B45AB,85,5000.0,0.0,ACTIVE,1,2026-07-17 23:41:42,2026-07-17 23:41:42
ACC669A0A27B54C400A,86,5000.0,0.0,ACTIVE,1,2026-07-17 20:36:42,2026-07-17 20:36:42
ACC75529F9E47F74379,87,5000.0,0.0,ACTIVE,1,2026-08-12 17:53:42,2026-08-12 17:53:42
ACCFC6FE11CA99242B1,88,5000.0,0.0,ACTIVE,1,2026-08-13 15:40:42,2026-08-13 15:40:42
ACC68585633BFB840FA,89,5000.0,0.0,ACTIVE,1,2026-08-04 04:32:42,2026-08-04 04:32:42
ACC9A44941A8E134AC6,90,5000.0,0.0,ACTIVE,1,2026-07-28 19:09:42,2026-07-28 19:09:42
ACCBDB77ECF325A456B,91,5000.0,0.0,ACTIVE,1,2026-07-27 15:02:42,2026-07-27 15:02:42
ACCEEB7D2DC373E4872,92,5000.0,0.0,ACTIVE,1,2026-08-03 10:53:42,2026-08-03 10:53:42
ACC4C81407082AD42B0,93,5000.0,0.0,ACTIVE,1,2026-08-02 04:40:42,2026-08-02 04:40:42
ACC34583A9B9A424ECF,94,5000.0,0.0,ACTIVE,1,2026-07-26 07:21:42,2026-07-26 07:21:42
ACC77532CAA6F3F473E,95,5000.0,0.0,ACTIVE,1,2026-08-04 10:43:42,2026-08-04 10:43:42
ACC51A99C0631E24081,96,5000.0,0.0,ACTIVE,1,2026-08-13 21:42:42,2026-08-13 21:42:42
ACCCA1E57BFF7F24DCC,97,5000.0,0.0,ACTIVE,1,2026-08-16 17:05:42,2026-08-16 17:05:42
ACCFFB91EB098FF4C2A,98,5000.0,0.0,ACTIVE,1,2026-08-12 00:42:42,2026-08-12 00:42:42
ACC5ED85163260A4820,99,5000.0,0.0,ACTIVE,1,2026-08-10 00:42:42,2026-08-10 00:42:42
ACCEEF8C8317B6E4941,100,5000.0,0.0,ACTIVE,1,2026-07-23 14:05:42,2026-07-23 14:05:42
ACCEAE78B51FC394EB8,101,5000.0,0.0,ACTIVE,1,2026-08-08 14:47:42,2026-08-08 14:47:42
ACC627F205E45384298,102,5000.0,0.0,ACTIVE,1,2026-07-22 13:48:42,2026-07-22 13:48:42
ACC9E0D8D209C584452,103,5000.0,0.0,ACTIVE,1,2026-08-16 07:05:42,2026-08-16 07:05:42
ACCA7EE6A42155F4557,104,5000.0,0.0,ACTIVE,1,2026-08-06 18:44:42,2026-08-06 18:44:42
ACC6242B7831FA740E9,105,5000.0,0.0,ACTIVE,1,2026-08-11 19:29:42,2026-08-11 19:29:42
ACCD093C973DB4D4E94,106,5000.0,0.0,ACTIVE,1,2026-07-24 16:25:42,2026-07-24 16:25:42
ACC36207C8054E042BF,107,5000.0,0.0,ACTIVE,1,2026-07-31 00:49:42,2026-07-31 00:49:42
ACC61AAC99411CE45F2,108,5000.0,0.0,ACTIVE,1,2026-08-08 23:53:42,2026-08-08 23:53:42
ACCAF3079C8096740B0,109,5000.0,0.0,ACTIVE,1,2026-08-01 22:54:42,2026-08-01 22:54:42
ACC4A9A1C6600DE42AF,110,5000.0,0.0,ACTIVE,1,2026-07-20 06:28:42,2026-07-20 06:28:42
ACCB31465EF68F942BB,111,5000.0,0.0,ACTIVE,1,2026-07-25 04:51:42,2026-07-25 04:51:42
ACCCDA36398922640FC,112,5000.0,0.0,ACTIVE,1,2026-07-28 14:51:42,2026-07-28 14:51:42
ACC6E549255B7B047E1,113,5000.0,0.0,ACTIVE,1,2026-07-27 22:18:42,2026-07-27 22:18:42
ACC8BFFC10662FC462B,114,5000.0,0.0,ACTIVE,1,2026-08-03 23:22:42,2026-08-03 23:22:42
ACCE7A5D97A3C0843DD,115,5000.0,0.0,ACTIVE,1,2026-07-30 23:28:42,2026-07-30 23:28:42
ACCAF9CD51EEE664DD5,116,5000.0,0.0,ACTIVE,1,2026-07-19 22:14:42,2026-07-19 22:14:42
ACC1A34CFF93A054A9A,117,5000.0,0.0,ACTIVE,1,2026-08-03 03:59:42,2026-08-03 03:59:42
ACCA601BFF4DA1A4C9E,118,5000.0,0.0,ACTIVE,1,2026-08-06 04:30:42,2026-08-06 04:30:42
ACC36F223F8C1FA40D9,119,5000.0,0.0,ACTIVE,1,2026-08-06 05:35:42,2026-08-06 05:35:42
ACCD723027C5C834EB3,120,5000.0,0.0,ACTIVE,1,2026-08-11 20:56:42,2026-08-11 20:56:42
ACC5616BCC64B6A4B04,121,5000.0,0.0,ACTIVE,1,2026-08-14 16:50:42,2026-08-14 16:50:42
ACCBA2E26C8AAA545C3,122,5000.0,0.0,ACTIVE,1,2026-07-23 19:32:42,2026-07-23 19:32:42
ACC6B96E0198AE24D68,123,5000.0,0.0,ACTIVE,1,2026-08-15 00:20:42,2026-08-15 00:20:42
ACC6BFDA6AC1BED46C7,124,5000.0,0.0,ACTIVE,1,2026-07-26 15:29:42,2026-07-26 15:29:42
ACCB33CD0D03D094D4F,125,5000.0,0.0,ACTIVE,1,2026-07-19 19:52:42,2026-07-19 19:52:42
ACCA0657F0C8FDB4758,126,5000.0,0.0,ACTIVE,1,2026-08-07 07:49:42,2026-08-07 07:49:42
ACCE16D0A214CD5418C,127,5000.0,0.0,ACTIVE,1,2026-08-10 14:13:42,2026-08-10 14:13:42
ACC880C381FB2F746F1,128,5000.0,0.0,ACTIVE,1,2026-07-20 15:33:42,2026-07-20 15:33:42
ACCA3E64C0D009F45F6,129,5000.0,0.0,ACTIVE,1,2026-08-13 10:19:42,2026-08-13 10:19:42
ACC0384C34187514F31,130,5000.0,0.0,ACTIVE,1,2026-07-20 01:06:42,2026-07-20 01:06:42
ACC7E5A18CECA7148E1,131,5000.0,0.0,ACTIVE,1,2026-07-25 22:20:42,2026-07-25 22:20:42
ACCF06E1E7A95564BD6,132,5000.0,0.0,ACTIVE,1,2026-07-17 21:02:42,2026-07-17 21:02:42
ACCCCB7DA178FAA4FC0,133,5000.0,0.0,ACTIVE,1,2026-08-11 10:11:42,2026-08-11 10:11:42
ACCE60F994119524261,134,5000.0,0.0,ACTIVE,1,2026-08-05 18:44:42,2026-08-05 18:44:42
ACC381EC226B56243C4,135,5000.0,0.0,ACTIVE,1,2026-07-26 06:51:42,2026-07-26 06:51:42
ACC74898B73706D4170,136,5000.0,0.0,ACTIVE,1,2026-08-13 19:22:42,2026-08-13 19:22:42
ACC606D37CF800F4FDA,137,5000.0,0.0,ACTIVE,1,2026-08-03 04:34:42,2026-08-03 04:34:42
ACCC180350E5D474A8C,138,5000.0,0.0,ACTIVE,1,2026-08-06 19:35:42,2026-08-06 19:35:42
ACC8F436C7E5C984890,139,5000.0,0.0,ACTIVE,1,2026-08-14 17:46:42,2026-08-14 17:46:42
ACC2D3620AE585F40A9,140,5000.0,0.0,ACTIVE,1,2026-08-14 21:50:42,2026-08-14 21:50:42
ACCFFC69953B45741E0,141,5000.0,0.0,ACTIVE,1,2026-07-26 05:24:42,2026-07-26 05:24:42
ACC2CAB53F382E4468E,142,5000.0,0.0,ACTIVE,1,2026-08-03 10:42:42,2026-08-03 10:42:42
ACC75E6BCB375354610,143,5000.0,0.0,ACTIVE,1,2026-08-05 05:48:42,2026-08-05 05:48:42
ACC9C942FD9BE3C4CD5,144,5000.0,0.0,ACTIVE,1,2026-08-01 02:13:42,2026-08-01 02:13:42
ACC0F8C946464EB44E5,145,5000.0,0.0,ACTIVE,1,2026-08-09 06:17:42,2026-08-09 06:17:42
ACCC246EABDEBDB4899,146,5000.0,0.0,ACTIVE,1,2026-08-10 09:42:42,2026-08-10 09:42:42
ACCE1F9B5F1AA774490,147,5000.0,0.0,ACTIVE,1,2026-08-07 08:48:42,2026-08-07 08:48:42
ACC6C43F6658CC6439E,148,5000.0,0.0,ACTIVE,1,2026-07-24 05:44:42,2026-07-24 05:44:42
ACC5E9BC5C9B4814D9A,149,5000.0,0.0,ACTIVE,1,2026-07-29 20:41:42,2026-07-29 20:41:42
ACCD1396EACD39448D1,150,5000.0,0.0,ACTIVE,1,2026-07-20 21:04:42,2026-07-20 21:04:42
ACC0869AFF73D4E4AD2,151,5000.0,0.0,ACTIVE,1,2026-08-03 19:53:42,2026-08-03 19:53:42
ACC5C87B64B0A424312,152,5000.0,0.0,ACTIVE,1,2026-08-02 16:00:42,2026-08-02 16:00:42
ACC7CA3619E1832449A,153,5000.0,0.0,ACTIVE,1,2026-08-03 00:30:42,2026-08-03 00:30:42
ACC3C927A2A68C64E37,154,5000.0,0.0,ACTIVE,1,2026-08-07 15:30:42,2026-08-07 15:30:42
ACC698B1D9C31D147BA,155,5000.0,0.0,ACTIVE,1,2026-08-10 23:26:42,2026-08-10 23:26:42
ACC2BF109706EDE45B2,156,5000.0,0.0,ACTIVE,1,2026-08-03 15:40:42,2026-08-03 15:40:42
ACC6FEF4BCDE05A48DD,157,5000.0,0.0,ACTIVE,1,2026-08-04 02:50:42,2026-08-04 02:50:42
ACC758D080081BB449A,158,5000.0,0.0,ACTIVE,1,2026-07-24 08:41:42,2026-07-24 08:41:42
ACCF986691AC7E84401,159,5000.0,0.0,ACTIVE,1,2026-08-14 02:15:42,2026-08-14 02:15:42
ACC9018A2D2F9184E29,160,5000.0,0.0,ACTIVE,1,2026-07-31 11:58:42,2026-07-31 11:58:42
ACC961AA97D3C614C46,161,5000.0,0.0,ACTIVE,1,2026-07-23 22:03:42,2026-07-23 22:03:42
ACCF28AAACBF9704B38,162,5000.0,0.0,ACTIVE,1,2026-08-13 14:39:42,2026-08-13 14:39:42
ACCA90AD77FDE984E0B,163,5000.0,0.0,ACTIVE,1,2026-07-28 14:07:42,2026-07-28 14:07:42
ACC4C4BF1EE27264C0D,164,5000.0,0.0,ACTIVE,1,2026-07-22 22:24:42,2026-07-22 22:24:42
ACCA461BDDBA85B4524,165,5000.0,0.0,ACTIVE,1,2026-07-23 00:27:42,2026-07-23 00:27:42
ACC907A3F8DE20D408E,166,5000.0,0.0,ACTIVE,1,2026-08-05 22:35:42,2026-08-05 22:35:42
ACCC8FE7BC801874C55,167,5000.0,0.0,ACTIVE,1,2026-08-14 03:27:42,2026-08-14 03:27:42
ACCDE66E659C1284EE6,168,5000.0,0.0,ACTIVE,1,2026-07-22 10:18:42,2026-07-22 10:18:42
ACCC8A138F26FB747B8,169,5000.0,0.0,ACTIVE,1,2026-07-31 16:36:42,2026-07-31 16:36:42
ACCC9E4AA6511E14E12,170,5000.0,0.0,ACTIVE,1,2026-08-15 17:32:42,2026-08-15 17:32:42
ACCE7BD328530FD4BC1,171,5000.0,0.0,ACTIVE,1,2026-07-27 16:16:42,2026-07-27 16:16:42
ACC69ACE0EA141347E4,172,5000.0,0.0,ACTIVE,1,2026-08-04 04:18:42,2026-08-04 04:18:42
ACC1777FD3BCAE94080,173,5000.0,0.0,ACTIVE,1,2026-08-02 00:14:42,2026-08-02 00:14:42
ACC5974E9608EC24688,174,5000.0,0.0,ACTIVE,1,2026-07-28 03:23:42,2026-07-28 03:23:42
ACC96E451C12CBB4C33,175,5000.0,0.0,ACTIVE,1,2026-08-02 15:04:42,2026-08-02 15:04:42
ACCC7A59AF83A5C443F,176,5000.0,0.0,ACTIVE,1,2026-07-30 22:44:42,2026-07-30 22:44:42
ACC009F74157A774F68,177,5000.0,0.0,ACTIVE,1,2026-07-25 04:27:42,2026-07-25 04:27:42
ACC498B07B367874135,178,5000.0,0.0,ACTIVE,1,2026-07-28 13:32:42,2026-07-28 13:32:42
ACC6996F8B9FA9F48F9,179,5000.0,0.0,ACTIVE,1,2026-08-04 05:06:42,2026-08-04 05:06:42
ACCE806A0F4FF784E92,180,5000.0,0.0,ACTIVE,1,2026-08-14 22:14:42,2026-08-14 22:14:42
ACCF8BFD3FFD7704BA9,181,5000.0,0.0,ACTIVE,1,2026-08-06 15:20:42,2026-08-06 15:20:42
ACC7FC3193860934EA8,182,5000.0,0.0,ACTIVE,1,2026-08-07 19:01:42,2026-08-07 19:01:42
ACC4908B94795514A79,183,5000.0,0.0,ACTIVE,1,2026-08-06 16:18:42,2026-08-06 16:18:42
ACC7F8F291FAB714E30,184,5000.0,0.0,ACTIVE,1,2026-08-06 22:11:42,2026-08-06 22:11:42
ACCF017CD4DDE154FB4,185,5000.0,0.0,ACTIVE,1,2026-07-27 20:50:42,2026-07-27 20:50:42
ACC49D53FB4F04540AF,186,5000.0,0.0,ACTIVE,1,2026-08-03 22:05:42,2026-08-03 22:05:42
ACC0D01DCFABF404C87,187,5000.0,0.0,ACTIVE,1,2026-07-25 20:02:42,2026-07-25 20:02:42
ACC4D7EB1BB179E4D97,188,5000.0,0.0,ACTIVE,1,2026-07-26 21:28:42,2026-07-26 21:28:42
ACC62DA05D6C7C443AB,189,5000.0,0.0,ACTIVE,1,2026-08-16 07:36:42,2026-08-16 07:36:42
ACCE395E1C0DA38479F,190,5000.0,0.0,ACTIVE,1,2026-08-06 03:43:42,2026-08-06 03:43:42
ACC9361ABF1D1C54E00,191,5000.0,0.0,ACTIVE,1,2026-08-12 16:37:42,2026-08-12 16:37:42
ACC803BF9BA32CC48A6,192,5000.0,0.0,ACTIVE,1,2026-07-23 01:02:42,2026-07-23 01:02:42
ACC35F6CA980B714924,193,5000.0,0.0,ACTIVE,1,2026-07-26 07:59:42,2026-07-26 07:59:42
ACCAE5643263B6E4706,194,5000.0,0.0,ACTIVE,1,2026-07-28 06:46:42,2026-07-28 06:46:42
ACC56FC7CA88D2E42CA,195,5000.0,0.0,ACTIVE,1,2026-07-20 20:06:42,2026-07-20 20:06:42
ACC81EB91C9EB204DE4,196,5000.0,0.0,ACTIVE,1,2026-07-24 04:53:42,2026-07-24 04:53:42
ACC65C4AD5326614B7C,197,5000.0,0.0,ACTIVE,1,2026-07-25 19:40:42,2026-07-25 19:40:42
ACC15D5186B2C7244AA,198,5000.0,0.0,ACTIVE,1,2026-08-06 19:05:42,2026-08-06 19:05:42
ACC7B46F0C6EA9D4798,199,5000.0,0.0,ACTIVE,1,2026-07-30 11:36:42,2026-07-30 11:36:42
ACC72E6019564FF44F3,200,5000.0,0.0,ACTIVE,1,2026-08-04 21:19:42,2026-08-04 21:19:42
ACC9C62BFB3A6734ED9,201,5000.0,0.0,ACTIVE,1,2026-07-23 09:06:42,2026-07-23 09:06:42
ACCE56997A2F0974BDF,202,5000.0,0.0,ACTIVE,1,2026-07-31 05:45:42,2026-07-31 05:45:42
ACC633A93EB7AED47F8,203,5000.0,0.0,ACTIVE,1,2026-08-12 10:52:42,2026-08-12 10:52:42
ACCB85220BABE1E460F,204,5000.0,0.0,ACTIVE,1,2026-07-30 15:10:42,2026-07-30 15:10:42
ACC67DD327691AA4EF5,205,5000.0,0.0,ACTIVE,1,2026-08-07 16:07:42,2026-08-07 16:07:42
ACCB958AB886A7740D3,206,5000.0,0.0,ACTIVE,1,2026-08-02 02:46:42,2026-08-02 02:46:42
ACC19E5EEDFD77E4636,207,5000.0,0.0,ACTIVE,1,2026-07-18 11:03:42,2026-07-18 11:03:42
ACCF2FFBC79D7B4404E,208,5000.0,0.0,ACTIVE,1,2026-07-18 18:29:42,2026-07-18 18:29:42
ACCA2A4756FDEE742CC,209,5000.0,0.0,ACTIVE,1,2026-07-31 07:40:42,2026-07-31 07:40:42
ACC4C7A76F456104DF8,210,5000.0,0.0,ACTIVE,1,2026-08-05 11:54:42,2026-08-05 11:54:42
ACC7FFAB1E2DB594277,211,5000.0,0.0,ACTIVE,1,2026-07-20 20:14:42,2026-07-20 20:14:42
ACC2D20352738074665,212,5000.0,0.0,ACTIVE,1,2026-08-12 17:37:42,2026-08-12 17:37:42
ACCE7C7298EB3BB40DD,213,5000.0,0.0,ACTIVE,1,2026-07-22 20:25:42,2026-07-22 20:25:42
ACCF6400D90A620482D,214,5000.0,0.0,ACTIVE,1,2026-08-16 16:54:42,2026-08-16 16:54:42
ACCA50992CBBF214206,215,5000.0,0.0,ACTIVE,1,2026-07-21 14:20:42,2026-07-21 14:20:42
ACCF7DBEB531B08440A,216,5000.0,0.0,ACTIVE,1,2026-08-03 15:06:42,2026-08-03 15:06:42
ACC560EF616F6D64011,217,5000.0,0.0,ACTIVE,1,2026-08-07 15:52:42,2026-08-07 15:52:42
ACCDC0988ED64B249BE,218,5000.0,0.0,ACTIVE,1,2026-07-26 23:26:42,2026-07-26 23:26:42
ACC8397F947D5D2418C,219,5000.0,0.0,ACTIVE,1,2026-07-21 03:17:42,2026-07-21 03:17:42
ACCBC044DAF54994ADA,220,5000.0,0.0,ACTIVE,1,2026-07-27 02:19:42,2026-07-27 02:19:42
ACC02DD28DC34DF49BF,221,5000.0,0.0,ACTIVE,1,2026-08-07 05:55:42,2026-08-07 05:55:42
ACC1EAC3EE4B877479D,222,5000.0,0.0,ACTIVE,1,2026-08-09 00:29:42,2026-08-09 00:29:42
ACC023AC7A1813B4EA5,223,5000.0,0.0,ACTIVE,1,2026-07-31 07:51:42,2026-07-31 07:51:42
ACCFF8D73F8ECB04D0D,224,5000.0,0.0,ACTIVE,1,2026-07-31 02:20:42,2026-07-31 02:20:42
ACC4535D3E845CC4E41,225,5000.0,0.0,ACTIVE,1,2026-07-20 03:53:42,2026-07-20 03:53:42
ACC4E27182AE49E4C3D,226,5000.0,0.0,ACTIVE,1,2026-08-05 10:08:42,2026-08-05 10:08:42
ACCE84C8D90A1BD4C31,227,5000.0,0.0,ACTIVE,1,2026-07-22 16:33:42,2026-07-22 16:33:42
ACC5D160752D11F4C2F,228,5000.0,0.0,ACTIVE,1,2026-07-23 00:08:42,2026-07-23 00:08:42
ACC1E9806F17F854E70,229,5000.0,0.0,ACTIVE,1,2026-08-15 07:21:42,2026-08-15 07:21:42
ACCE1E9A249210B4271,230,5000.0,0.0,ACTIVE,1,2026-07-20 21:26:42,2026-07-20 21:26:42
ACC4E67BDD80F204576,231,5000.0,0.0,ACTIVE,1,2026-07-22 14:51:42,2026-07-22 14:51:42
ACCE20A3C199D0B4CF1,232,5000.0,0.0,ACTIVE,1,2026-08-07 12:53:42,2026-08-07 12:53:42
ACCD7BBA7CF21F14733,233,5000.0,0.0,ACTIVE,1,2026-08-06 09:23:42,2026-08-06 09:23:42
ACC9E95F71B32384F3D,234,5000.0,0.0,ACTIVE,1,2026-08-01 10:53:42,2026-08-01 10:53:42
ACC61988D6AEF044C48,235,5000.0,0.0,ACTIVE,1,2026-08-05 17:00:42,2026-08-05 17:00:42
ACC629E0ECB6B814C8B,236,5000.0,0.0,ACTIVE,1,2026-08-13 07:28:42,2026-08-13 07:28:42
ACC324416EDF3B54C95,237,5000.0,0.0,ACTIVE,1,2026-07-19 06:34:42,2026-07-19 06:34:42
ACC9E4563387C894BC5,238,5000.0,0.0,ACTIVE,1,2026-07-25 03:32:42,2026-07-25 03:32:42
ACC315792ABDAD94E4E,239,5000.0,0.0,ACTIVE,1,2026-07-22 16:09:42,2026-07-22 16:09:42
ACCB7979BB951D44311,240,5000.0,0.0,ACTIVE,1,2026-08-02 23:03:42,2026-08-02 23:03:42
ACC5E86A0B5008C4085,241,5000.0,0.0,ACTIVE,1,2026-08-07 08:49:42,2026-08-07 08:49:42
ACCDA3AC69F7483450F,242,5000.0,0.0,ACTIVE,1,2026-07-26 09:36:42,2026-07-26 09:36:42
ACC81FD47E3AD77441C,243,5000.0,0.0,ACTIVE,1,2026-07-25 05:45:42,2026-07-25 05:45:42
ACC20A55A3AAE2E4A79,244,5000.0,0.0,ACTIVE,1,2026-08-02 17:09:42,2026-08-02 17:09:42
ACCB56E70CE571C498B,245,5000.0,0.0,ACTIVE,1,2026-08-03 10:15:42,2026-08-03 10:15:42
ACCD55C74DBD7654E75,246,5000.0,0.0,ACTIVE,1,2026-07-25 22:30:42,2026-07-25 22:30:42
ACC7783E633EEEF493B,247,5000.0,0.0,ACTIVE,1,2026-07-21 19:12:42,2026-07-21 19:12:42
ACC9B61CDFEACDF4275,248,5000.0,0.0,ACTIVE,1,2026-08-11 23:12:42,2026-08-11 23:12:42
ACCBF65F1F2C37A4B0C,249,5000.0,0.0,ACTIVE,1,2026-08-12 16:40:42,2026-08-12 16:40:42
ACCEFB707FB2FAD43F6,250,5000.0,0.0,ACTIVE,1,2026-08-04 00:53:42,2026-08-04 00:53:42
ACC1A83731620E0404F,251,5000.0,0.0,ACTIVE,1,2026-07-26 04:32:42,2026-07-26 04:32:42
ACC0D316F8061164DF3,252,5000.0,0.0,ACTIVE,1,2026-07-23 16:19:42,2026-07-23 16:19:42
ACCB17CD6973BF74CE4,253,5000.0,0.0,ACTIVE,1,2026-08-05 06:35:42,2026-08-05 06:35:42
ACC28AE400047A541DA,254,5000.0,0.0,ACTIVE,1,2026-08-13 18:08:42,2026-08-13 18:08:42
ACCA2AFC37969FB4BE4,255,5000.0,0.0,ACTIVE,1,2026-07-31 05:57:42,2026-07-31 05:57:42
ACC72B5E1F12D484327,256,5000.0,0.0,ACTIVE,1,2026-08-08 10:10:42,2026-08-08 10:10:42
ACCB0B0FAC40A65413A,257,5000.0,0.0,ACTIVE,1,2026-07-28 09:11:42,2026-07-28 09:11:42
ACC05F1086B1B17437B,258,5000.0,0.0,ACTIVE,1,2026-08-13 14:01:42,2026-08-13 14:01:42
ACC8452110A198D4EEB,259,5000.0,0.0,ACTIVE,1,2026-08-10 20:27:42,2026-08-10 20:27:42
ACCA5ACBF51CEFF48F0,260,5000.0,0.0,ACTIVE,1,2026-07-26 07:10:42,2026-07-26 07:10:42
ACC24B15982F7AF4DAC,261,5000.0,0.0,ACTIVE,1,2026-07-30 08:58:42,2026-07-30 08:58:42
ACC77A22887915042D1,262,5000.0,0.0,ACTIVE,1,2026-07-24 19:56:42,2026-07-24 19:56:42
ACC58DF5D2C15F44519,263,5000.0,0.0,ACTIVE,1,2026-07-22 07:23:42,2026-07-22 07:23:42
ACCB866A03113AC4883,264,5000.0,0.0,ACTIVE,1,2026-08-10 14:40:42,2026-08-10 14:40:42
ACC863E240466934069,265,5000.0,0.0,ACTIVE,1,2026-08-05 01:19:42,2026-08-05 01:19:42
ACC20A9BADE1A6A4B0C,266,5000.0,0.0,ACTIVE,1,2026-07-22 01:47:42,2026-07-22 01:47:42
ACC2FB8964790234EDA,267,5000.0,0.0,ACTIVE,1,2026-08-14 09:30:42,2026-08-14 09:30:42
ACC5139C53571C646C4,268,5000.0,0.0,ACTIVE,1,2026-08-03 05:03:42,2026-08-03 05:03:42
ACC49B7D52A3A3741D9,269,5000.0,0.0,ACTIVE,1,2026-08-12 08:14:42,2026-08-12 08:14:42
ACCE137228A80344C30,270,5000.0,0.0,ACTIVE,1,2026-08-01 21:22:42,2026-08-01 21:22:42
ACC2E96F9CFF4F845FC,271,5000.0,0.0,ACTIVE,1,2026-07-19 01:15:42,2026-07-19 01:15:42
ACC7B5FB53F6DA54476,272,5000.0,0.0,ACTIVE,1,2026-07-23 14:28:42,2026-07-23 14:28:42
ACC860464413A1A402B,273,5000.0,0.0,ACTIVE,1,2026-07-21 15:22:42,2026-07-21 15:22:42
ACCFE8741111261455D,274,5000.0,0.0,ACTIVE,1,2026-08-11 13:35:42,2026-08-11 13:35:42
ACC479FE180A5DE41DC,275,5000.0,0.0,ACTIVE,1,2026-07-31 09:01:42,2026-07-31 09:01:42
ACC711E0313ED39476F,276,5000.0,0.0,ACTIVE,1,2026-08-09 22:20:42,2026-08-09 22:20:42
ACC0BF956E9C9214823,277,5000.0,0.0,ACTIVE,1,2026-07-27 09:16:42,2026-07-27 09:16:42
ACCDF47D984287D4CF7,278,5000.0,0.0,ACTIVE,1,2026-07-30 22:45:42,2026-07-30 22:45:42
ACCAF72F36781C84B07,279,5000.0,0.0,ACTIVE,1,2026-08-12 13:13:42,2026-08-12 13:13:42
ACC2B43AA2023F2400A,280,5000.0,0.0,ACTIVE,1,2026-08-06 00:53:42,2026-08-06 00:53:42
ACC96B1827EAD06484E,281,5000.0,0.0,ACTIVE,1,2026-08-14 22:06:42,2026-08-14 22:06:42
ACC600522B2BE3649AB,282,5000.0,0.0,ACTIVE,1,2026-07-27 12:06:42,2026-07-27 12:06:42
ACCE00A660D9FF94E2B,283,5000.0,0.0,ACTIVE,1,2026-07-27 22:54:42,2026-07-27 22:54:42
ACC55275B2134BB42B3,284,5000.0,0.0,ACTIVE,1,2026-08-06 22:36:42,2026-08-06 22:36:42
ACCC52F5ED9F1E04636,285,5000.0,0.0,ACTIVE,1,2026-07-21 21:30:42,2026-07-21 21:30:42
ACC11E9B78141E34D4C,286,5000.0,0.0,ACTIVE,1,2026-08-13 20:52:42,2026-08-13 20:52:42
ACC1171789443E14CBA,287,5000.0,0.0,ACTIVE,1,2026-08-03 03:26:42,2026-08-03 03:26:42
ACC24165A2111834AAE,288,5000.0,0.0,ACTIVE,1,2026-07-28 14:35:42,2026-07-28 14:35:42
ACC080E4874134A43CC,289,5000.0,0.0,ACTIVE,1,2026-08-04 14:07:42,2026-08-04 14:07:42
ACC82D42BBB99BA4E4A,290,5000.0,0.0,ACTIVE,1,2026-07-30 15:35:42,2026-07-30 15:35:42
ACCF27C1EF40F3940DE,291,5000.0,0.0,ACTIVE,1,2026-08-13 10:27:42,2026-08-13 10:27:42
ACC69C1B703B4234010,292,5000.0,0.0,ACTIVE,1,2026-08-13 17:37:42,2026-08-13 17:37:42
ACC42E3772505FC49BF,293,5000.0,0.0,ACTIVE,1,2026-08-03 11:00:42,2026-08-03 11:00:42
ACC9FE0CF7F84F54D5D,294,5000.0,0.0,ACTIVE,1,2026-07-18 00:09:42,2026-07-18 00:09:42
ACC0EF0C4B386014EA5,295,5000.0,0.0,ACTIVE,1,2026-07-23 13:24:42,2026-07-23 13:24:42
ACC8AA65E157D774E50,296,5000.0,0.0,ACTIVE,1,2026-08-01 09:24:42,2026-08-01 09:24:42
ACC73B053E117FE40DF,297,5000.0,0.0,ACTIVE,1,2026-08-04 02:26:42,2026-08-04 02:26:42
ACC5CB5BD98DA0C4F92,298,5000.0,0.0,ACTIVE,1,2026-07-29 07:52:42,2026-07-29 07:52:42
ACC76C38DF077A74E29,299,5000.0,0.0,ACTIVE,1,2026-07-31 22:59:42,2026-07-31 22:59:42
ACCD1AFA4A6901D4CDD,300,5000.0,0.0,ACTIVE,1,2026-07-30 18:01:42,2026-07-30 18:01:42
ACC905CE47DAA124703,301,5000.0,0.0,ACTIVE,1,2026-08-12 10:09:42,2026-08-12 10:09:42
ACCEB4900E42454489B,302,5000.0,0.0,ACTIVE,1,2026-08-05 17:30:42,2026-08-05 17:30:42
ACC8A7CADE35D5D46D1,303,5000.0,0.0,ACTIVE,1,2026-07-30 12:32:42,2026-07-30 12:32:42
ACC8061099B0B174975,304,5000.0,0.0,ACTIVE,1,2026-08-14 06:23:42,2026-08-14 06:23:42
ACCE2F23F350C2C493E,305,5000.0,0.0,ACTIVE,1,2026-08-07 23:12:42,2026-08-07 23:12:42
ACCFB17BC2492654515,306,5000.0,0.0,ACTIVE,1,2026-08-12 15:30:42,2026-08-12 15:30:42
ACCA4771A8EEF54431A,307,5000.0,0.0,ACTIVE,1,2026-07-30 07:07:42,2026-07-30 07:07:42
ACCCAA1225E5EDE49EE,308,5000.0,0.0,ACTIVE,1,2026-07-28 02:30:42,2026-07-28 02:30:42
ACC9E1C4B9A0177458C,309,5000.0,0.0,ACTIVE,1,2026-08-15 17:47:42,2026-08-15 17:47:42
ACCF9744D3573824C8C,310,5000.0,0.0,ACTIVE,1,2026-07-31 04:46:42,2026-07-31 04:46:42
ACCB41ACB1AD91F45B3,311,5000.0,0.0,ACTIVE,1,2026-08-12 07:56:42,2026-08-12 07:56:42
ACCE4A5D84F982947F2,312,5000.0,0.0,ACTIVE,1,2026-08-11 06:16:42,2026-08-11 06:16:42
ACCDA13D1AB873C4DDE,313,5000.0,0.0,ACTIVE,1,2026-08-06 02:02:42,2026-08-06 02:02:42
ACC1CACE6B9241746ED,314,5000.0,0.0,ACTIVE,1,2026-07-31 20:19:42,2026-07-31 20:19:42
ACC1D64583AD8BC44FB,315,5000.0,0.0,ACTIVE,1,2026-07-21 18:32:42,2026-07-21 18:32:42
ACC8AB758EF1DBA4F8E,316,5000.0,0.0,ACTIVE,1,2026-08-03 00:36:42,2026-08-03 00:36:42
ACCD6DB7365E9184166,317,5000.0,0.0,ACTIVE,1,2026-07-28 03:39:42,2026-07-28 03:39:42
ACCDD73DDF38B7E4D3D,318,5000.0,0.0,ACTIVE,1,2026-08-08 19:52:42,2026-08-08 19:52:42
ACC74C11C7D32F949F9,319,5000.0,0.0,ACTIVE,1,2026-08-11 02:15:42,2026-08-11 02:15:42
ACC75B3121E34124A18,320,5000.0,0.0,ACTIVE,1,2026-08-11 21:40:42,2026-08-11 21:40:42
ACC643B49958E454276,321,5000.0,0.0,ACTIVE,1,2026-07-25 15:43:42,2026-07-25 15:43:42
ACC576620ADD2724EE6,322,5000.0,0.0,ACTIVE,1,2026-08-06 05:46:42,2026-08-06 05:46:42
ACC53B52681BA794AED,323,5000.0,0.0,ACTIVE,1,2026-08-03 02:06:42,2026-08-03 02:06:42
ACCFCC58B085BA54368,324,5000.0,0.0,ACTIVE,1,2026-07-19 19:09:42,2026-07-19 19:09:42
ACC2D398E747B3643ED,325,5000.0,0.0,ACTIVE,1,2026-07-31 12:20:42,2026-07-31 12:20:42
ACCAE2CFBC4D5D24A22,326,5000.0,0.0,ACTIVE,1,2026-07-31 06:35:42,2026-07-31 06:35:42
ACC28D21E7A36AC4C16,327,5000.0,0.0,ACTIVE,1,2026-07-18 01:34:42,2026-07-18 01:34:42
ACC18A0FA7AE5704621,328,5000.0,0.0,ACTIVE,1,2026-07-25 19:12:42,2026-07-25 19:12:42
ACCB61AF589BD3C4989,329,5000.0,0.0,ACTIVE,1,2026-08-01 12:40:42,2026-08-01 12:40:42
ACC276168DE20014AA9,330,5000.0,0.0,ACTIVE,1,2026-08-07 11:36:42,2026-08-07 11:36:42
ACC23FB7EB1AEF0476B,331,5000.0,0.0,ACTIVE,1,2026-07-24 20:24:42,2026-07-24 20:24:42
ACC8B34E5A98EFE49C1,332,5000.0,0.0,ACTIVE,1,2026-08-05 00:56:42,2026-08-05 00:56:42
ACC9921D2E46F824D57,333,5000.0,0.0,ACTIVE,1,2026-08-13 00:12:42,2026-08-13 00:12:42
ACC5241D884BE1A4B09,334,5000.0,0.0,ACTIVE,1,2026-07-19 06:03:42,2026-07-19 06:03:42
ACC3E674AB2F9334DCC,335,5000.0,0.0,ACTIVE,1,2026-08-07 17:37:42,2026-08-07 17:37:42
ACC27405E7BED53472E,336,5000.0,0.0,ACTIVE,1,2026-07-18 04:14:42,2026-07-18 04:14:42
ACC9FF153618AD4462C,337,5000.0,0.0,ACTIVE,1,2026-08-10 12:03:42,2026-08-10 12:03:42
ACC5119EEF2DD7C41A3,338,5000.0,0.0,ACTIVE,1,2026-07-18 01:11:42,2026-07-18 01:11:42
ACC8CDCE516A5174D2E,339,5000.0,0.0,ACTIVE,1,2026-08-12 23:08:42,2026-08-12 23:08:42
ACCEB9930813F3846B2,340,5000.0,0.0,ACTIVE,1,2026-08-09 17:13:42,2026-08-09 17:13:42
ACCA740043A115B4E5C,341,5000.0,0.0,ACTIVE,1,2026-07-27 11:52:42,2026-07-27 11:52:42
ACC22DD3161FE0045B9,342,5000.0,0.0,ACTIVE,1,2026-08-05 20:25:42,2026-08-05 20:25:42
ACCD3B328FEF05C4877,343,5000.0,0.0,ACTIVE,1,2026-08-16 00:56:42,2026-08-16 00:56:42
ACC4CFE97A3EE144F08,344,5000.0,0.0,ACTIVE,1,2026-07-27 03:25:42,2026-07-27 03:25:42
ACCA9DA5F6F9E194552,345,5000.0,0.0,ACTIVE,1,2026-08-06 09:14:42,2026-08-06 09:14:42
ACCCA423E5BF2874D56,346,5000.0,0.0,ACTIVE,1,2026-07-27 00:41:42,2026-07-27 00:41:42
ACC86A6420119C34709,347,5000.0,0.0,ACTIVE,1,2026-07-18 13:29:42,2026-07-18 13:29:42
ACCDD595CCF7AEA4BCB,348,5000.0,0.0,ACTIVE,1,2026-07-21 06:05:42,2026-07-21 06:05:42
ACC7C126517A69346D7,349,5000.0,0.0,ACTIVE,1,2026-07-17 19:00:42,2026-07-17 19:00:42
ACC78A2CB11AA194849,350,5000.0,0.0,ACTIVE,1,2026-08-16 09:19:42,2026-08-16 09:19:42
ACCAC6216554F08459F,351,5000.0,0.0,ACTIVE,1,2026-07-18 08:37:42,2026-07-18 08:37:42
ACCE5EACD2CA8234C6F,352,5000.0,0.0,ACTIVE,1,2026-07-31 02:59:42,2026-07-31 02:59:42
ACC55C33E6DE0CE4700,353,5000.0,0.0,ACTIVE,1,2026-08-02 10:43:42,2026-08-02 10:43:42
ACC25A427FF41F1418C,354,5000.0,0.0,ACTIVE,1,2026-08-10 19:26:42,2026-08-10 19:26:42
ACC1DF28B76B1F847AE,355,5000.0,0.0,ACTIVE,1,2026-08-15 19:34:42,2026-08-15 19:34:42
ACC1AE750A2B8A94F99,356,5000.0,0.0,ACTIVE,1,2026-07-26 12:44:42,2026-07-26 12:44:42
ACCCB366B6EA1F143CA,357,5000.0,0.0,ACTIVE,1,2026-07-21 05:23:42,2026-07-21 05:23:42
ACC11EF27FC6A46446A,358,5000.0,0.0,ACTIVE,1,2026-08-03 21:49:42,2026-08-03 21:49:42
ACCC3899A29661E4A81,359,5000.0,0.0,ACTIVE,1,2026-08-01 07:56:42,2026-08-01 07:56:42
ACCBCCBB7C42E7843A9,360,5000.0,0.0,ACTIVE,1,2026-08-08 06:40:42,2026-08-08 06:40:42
ACCECA494C1BA6F4534,361,5000.0,0.0,ACTIVE,1,2026-08-06 09:18:42,2026-08-06 09:18:42
ACC850F138E60D642CA,362,5000.0,0.0,ACTIVE,1,2026-08-07 22:32:42,2026-08-07 22:32:42
ACCF61C33D8E98C43CA,363,5000.0,0.0,ACTIVE,1,2026-07-26 15:26:42,2026-07-26 15:26:42
ACC029055DE5CA64F64,364,5000.0,0.0,ACTIVE,1,2026-08-03 21:23:42,2026-08-03 21:23:42
ACC118924EBA7F14A88,365,5000.0,0.0,ACTIVE,1,2026-07-27 09:32:42,2026-07-27 09:32:42
ACCAF28470292044BFF,366,5000.0,0.0,ACTIVE,1,2026-08-09 14:25:42,2026-08-09 14:25:42
ACC95AB1D0BD3AD4204,367,5000.0,0.0,ACTIVE,1,2026-07-23 23:32:42,2026-07-23 23:32:42
ACC7F5C97F3B3A1437E,368,5000.0,0.0,ACTIVE,1,2026-07-18 03:07:42,2026-07-18 03:07:42
ACC813CDF1E43094467,369,5000.0,0.0,ACTIVE,1,2026-07-23 11:12:42,2026-07-23 11:12:42
ACCB0BDF933B1E34B65,370,5000.0,0.0,ACTIVE,1,2026-07-31 04:22:42,2026-07-31 04:22:42
ACC153A76B2483145C9,371,5000.0,0.0,ACTIVE,1,2026-07-18 00:48:42,2026-07-18 00:48:42
ACC14B7EB061D5B4627,372,5000.0,0.0,ACTIVE,1,2026-07-19 02:43:42,2026-07-19 02:43:42
ACCCD7695317B2C4C46,373,5000.0,0.0,ACTIVE,1,2026-08-12 13:35:42,2026-08-12 13:35:42
ACCE2243C6B0E3F4F55,374,5000.0,0.0,ACTIVE,1,2026-08-12 21:42:42,2026-08-12 21:42:42
ACC939E3E0149484E6A,375,5000.0,0.0,ACTIVE,1,2026-08-14 02:27:42,2026-08-14 02:27:42
ACCEE4F1F4E46A24DDE,376,5000.0,0.0,ACTIVE,1,2026-08-12 02:29:42,2026-08-12 02:29:42
ACC9A82794E5E024A8E,377,5000.0,0.0,ACTIVE,1,2026-08-15 01:26:42,2026-08-15 01:26:42
ACC7D04C85D8F4043EC,378,5000.0,0.0,ACTIVE,1,2026-08-04 10:03:42,2026-08-04 10:03:42
ACCFE60C477E24A4DF9,379,5000.0,0.0,ACTIVE,1,2026-07-29 16:53:42,2026-07-29 16:53:42
ACC0D890E53712B40E1,380,5000.0,0.0,ACTIVE,1,2026-07-25 16:21:42,2026-07-25 16:21:42
ACCB6C5EB3A55FB4884,381,5000.0,0.0,ACTIVE,1,2026-07-18 03:53:42,2026-07-18 03:53:42
ACCD37DD3C1694B4D96,382,5000.0,0.0,ACTIVE,1,2026-08-11 14:06:42,2026-08-11 14:06:42
ACC0A4A1900548240BA,383,5000.0,0.0,ACTIVE,1,2026-07-19 06:27:42,2026-07-19 06:27:42
ACC177C30E3838A4D56,384,5000.0,0.0,ACTIVE,1,2026-08-13 21:13:42,2026-08-13 21:13:42
ACCECC2BBAFD1C74B7C,385,5000.0,0.0,ACTIVE,1,2026-07-27 07:48:42,2026-07-27 07:48:42
ACCE7FF9D51F3B14DAF,386,5000.0,0.0,ACTIVE,1,2026-08-04 02:47:42,2026-08-04 02:47:42
ACCFB4F4DAD6F854241,387,5000.0,0.0,ACTIVE,1,2026-07-23 18:36:42,2026-07-23 18:36:42
ACC52990760248A4DB8,388,5000.0,0.0,ACTIVE,1,2026-08-03 01:31:42,2026-08-03 01:31:42
ACCA89868F521F6420E,389,5000.0,0.0,ACTIVE,1,2026-08-02 07:46:42,2026-08-02 07:46:42
ACC3FF311EA76C448B1,390,5000.0,0.0,ACTIVE,1,2026-07-17 19:07:42,2026-07-17 19:07:42
ACC882895C7513C4A40,391,5000.0,0.0,ACTIVE,1,2026-07-21 21:29:42,2026-07-21 21:29:42
ACC41D4C3E4F8434977,392,5000.0,0.0,ACTIVE,1,2026-08-09 12:51:42,2026-08-09 12:51:42
ACCDDB8EB85782441CE,393,5000.0,0.0,ACTIVE,1,2026-08-15 04:17:42,2026-08-15 04:17:42
ACCDAE49B8B93074BD7,394,5000.0,0.0,ACTIVE,1,2026-07-24 17:30:42,2026-07-24 17:30:42
ACCD169606D847244C5,395,5000.0,0.0,ACTIVE,1,2026-07-30 12:07:42,2026-07-30 12:07:42
ACC20578930B80B4801,396,5000.0,0.0,ACTIVE,1,2026-07-31 09:41:42,2026-07-31 09:41:42
ACCB0E9EA6018A54A79,397,5000.0,0.0,ACTIVE,1,2026-07-28 23:06:42,2026-07-28 23:06:42
ACC38F0EAC332CD483D,398,5000.0,0.0,ACTIVE,1,2026-08-07 14:13:42,2026-08-07 14:13:42
ACCBC25FB50BF8049CE,399,5000.0,0.0,ACTIVE,1,2026-08-03 09:38:42,2026-08-03 09:38:42
ACC4E923589315A4B20,400,5000.0,0.0,ACTIVE,1,2026-07-28 18:57:42,2026-07-28 18:57:42
ACC78445AFC05E54216,401,5000.0,0.0,ACTIVE,1,2026-07-30 03:52:42,2026-07-30 03:52:42
ACC57C2862984F44892,402,5000.0,0.0,ACTIVE,1,2026-07-22 02:35:42,2026-07-22 02:35:42
ACC4BDE2049726A4C12,403,5000.0,0.0,ACTIVE,1,2026-08-12 09:31:42,2026-08-12 09:31:42
ACC33543F38F12648FA,404,5000.0,0.0,ACTIVE,1,2026-08-01 11:01:42,2026-08-01 11:01:42
ACC4FA2B2B8061F46D9,405,5000.0,0.0,ACTIVE,1,2026-07-19 20:46:42,2026-07-19 20:46:42
ACCFF259B9877234976,406,5000.0,0.0,ACTIVE,1,2026-07-30 05:29:42,2026-07-30 05:29:42
ACCA87EFBEE869542F5,407,5000.0,0.0,ACTIVE,1,2026-08-12 06:40:42,2026-08-12 06:40:42
ACCFDE0D9A0B20B45A4,408,5000.0,0.0,ACTIVE,1,2026-08-05 22:50:42,2026-08-05 22:50:42
ACC49A86DDE9FE24985,409,5000.0,0.0,ACTIVE,1,2026-08-14 01:09:42,2026-08-14 01:09:42
ACC8681061C713B407C,410,5000.0,0.0,ACTIVE,1,2026-08-08 06:12:42,2026-08-08 06:12:42
ACC851DABBD548D45A9,411,5000.0,0.0,ACTIVE,1,2026-08-15 16:43:42,2026-08-15 16:43:42
ACC1CA2E076907E4EA2,412,5000.0,0.0,ACTIVE,1,2026-08-10 03:42:42,2026-08-10 03:42:42
ACC3F110FA6E2D34403,413,5000.0,0.0,ACTIVE,1,2026-07-18 18:42:42,2026-07-18 18:42:42
ACCA4F84A5CC28643E8,414,5000.0,0.0,ACTIVE,1,2026-07-24 02:57:42,2026-07-24 02:57:42
ACC79EE7C8C9D764AA8,415,5000.0,0.0,ACTIVE,1,2026-07-25 12:30:42,2026-07-25 12:30:42
ACC6A3354C5C2B64BDE,416,5000.0,0.0,ACTIVE,1,2026-08-06 09:31:42,2026-08-06 09:31:42
ACCCAED50A9C4004852,417,5000.0,0.0,ACTIVE,1,2026-07-27 07:36:42,2026-07-27 07:36:42
ACC1A8BE73DBDD34A5B,418,5000.0,0.0,ACTIVE,1,2026-07-31 03:26:42,2026-07-31 03:26:42
ACCDD3DF02876054F74,419,5000.0,0.0,ACTIVE,1,2026-07-23 07:57:42,2026-07-23 07:57:42
ACCA3D9A456583B4217,420,5000.0,0.0,ACTIVE,1,2026-08-06 05:53:42,2026-08-06 05:53:42
ACCE0C2D7D23F74447E,421,5000.0,0.0,ACTIVE,1,2026-07-24 14:54:42,2026-07-24 14:54:42
ACC18AD2233B38F41A7,422,5000.0,0.0,ACTIVE,1,2026-07-18 00:18:42,2026-07-18 00:18:42
ACC213F8B8EE67D4BCF,423,5000.0,0.0,ACTIVE,1,2026-08-12 12:34:42,2026-08-12 12:34:42
ACCD86DC08F170A456C,424,5000.0,0.0,ACTIVE,1,2026-07-29 11:24:42,2026-07-29 11:24:42
ACC6940F28D42E348E7,425,5000.0,0.0,ACTIVE,1,2026-08-08 03:09:42,2026-08-08 03:09:42
ACC3E423246669E4E3D,426,5000.0,0.0,ACTIVE,1,2026-08-10 19:05:42,2026-08-10 19:05:42
ACC54A874029D4B4C7C,427,5000.0,0.0,ACTIVE,1,2026-08-11 19:21:42,2026-08-11 19:21:42
ACC0FEEFE299E204603,428,5000.0,0.0,ACTIVE,1,2026-07-18 01:14:42,2026-07-18 01:14:42
ACC299167C4472E4F9C,429,5000.0,0.0,ACTIVE,1,2026-08-15 16:03:42,2026-08-15 16:03:42
ACC432B04EF501D4AB6,430,5000.0,0.0,ACTIVE,1,2026-08-03 14:02:42,2026-08-03 14:02:42
ACC99C10A9135614DCC,431,5000.0,0.0,ACTIVE,1,2026-08-13 20:46:42,2026-08-13 20:46:42
ACC2D1A64BFDAF74DD6,432,5000.0,0.0,ACTIVE,1,2026-07-31 04:32:42,2026-07-31 04:32:42
ACCC0A463F05A4C40C9,433,5000.0,0.0,ACTIVE,1,2026-07-26 20:56:42,2026-07-26 20:56:42
ACC00E5AD53454B4D55,434,5000.0,0.0,ACTIVE,1,2026-07-26 03:54:42,2026-07-26 03:54:42
ACCCADFFA2C1E2E4F9B,435,5000.0,0.0,ACTIVE,1,2026-07-30 05:55:42,2026-07-30 05:55:42
ACCB8F70777609A43C2,436,5000.0,0.0,ACTIVE,1,2026-07-24 10:21:42,2026-07-24 10:21:42
ACC70263D93668043F6,437,5000.0,0.0,ACTIVE,1,2026-07-30 20:12:42,2026-07-30 20:12:42
ACCB8426796B42D410A,438,5000.0,0.0,ACTIVE,1,2026-08-13 15:22:42,2026-08-13 15:22:42
ACCB37A416FB4E84980,439,5000.0,0.0,ACTIVE,1,2026-08-09 23:22:42,2026-08-09 23:22:42
ACCAEDA2238DDA04D80,440,5000.0,0.0,ACTIVE,1,2026-08-08 06:50:42,2026-08-08 06:50:42
ACCA57B135CDF754C1A,441,5000.0,0.0,ACTIVE,1,2026-08-02 00:40:42,2026-08-02 00:40:42
ACCDF61F9C638694460,442,5000.0,0.0,ACTIVE,1,2026-07-26 16:14:42,2026-07-26 16:14:42
ACCA698A4904F454DAB,443,5000.0,0.0,ACTIVE,1,2026-08-04 06:31:42,2026-08-04 06:31:42
ACC8F8555D591734605,444,5000.0,0.0,ACTIVE,1,2026-08-14 22:55:42,2026-08-14 22:55:42
ACC4C278BCC79BC4731,445,5000.0,0.0,ACTIVE,1,2026-08-01 05:14:42,2026-08-01 05:14:42
ACCFF937279F5BC4ADE,446,5000.0,0.0,ACTIVE,1,2026-07-20 14:58:42,2026-07-20 14:58:42
ACC6B7BBEAE4E324869,447,5000.0,0.0,ACTIVE,1,2026-08-09 11:58:42,2026-08-09 11:58:42
ACC072FFC4E2881421E,448,5000.0,0.0,ACTIVE,1,2026-08-08 16:56:42,2026-08-08 16:56:42
ACCEADE7B34F6764712,449,5000.0,0.0,ACTIVE,1,2026-07-19 01:19:42,2026-07-19 01:19:42
ACC4E5364BE55FB40D8,450,5000.0,0.0,ACTIVE,1,2026-07-18 08:54:42,2026-07-18 08:54:42
ACCBC0B694250A444E3,451,5000.0,0.0,ACTIVE,1,2026-08-11 20:03:42,2026-08-11 20:03:42
ACCB06EE44CE6FF4C86,452,5000.0,0.0,ACTIVE,1,2026-08-07 13:19:42,2026-08-07 13:19:42
ACCA4580E3CB290492D,453,5000.0,0.0,ACTIVE,1,2026-07-21 06:12:42,2026-07-21 06:12:42
ACC32F36C6F1C9F4B33,454,5000.0,0.0,ACTIVE,1,2026-08-03 19:47:42,2026-08-03 19:47:42
ACCEDFAEFB7E25C4EFA,455,5000.0,0.0,ACTIVE,1,2026-07-24 07:52:42,2026-07-24 07:52:42
ACC3CEC842F6577441D,456,5000.0,0.0,ACTIVE,1,2026-08-09 16:34:42,2026-08-09 16:34:42
ACCEE2F0B24A0A64452,457,5000.0,0.0,ACTIVE,1,2026-07-28 06:06:42,2026-07-28 06:06:42
ACC18143BC486D4465C,458,5000.0,0.0,ACTIVE,1,2026-07-27 10:05:42,2026-07-27 10:05:42
ACC8E4E562CA6994E54,459,5000.0,0.0,ACTIVE,1,2026-08-09 07:20:42,2026-08-09 07:20:42
ACCA9289793840C4DD9,460,5000.0,0.0,ACTIVE,1,2026-08-10 21:18:42,2026-08-10 21:18:42
ACCFE8DA1D8B87A496B,461,5000.0,0.0,ACTIVE,1,2026-07-22 23:37:42,2026-07-22 23:37:42
ACC7E5BA8046AE1486D,462,5000.0,0.0,ACTIVE,1,2026-08-14 10:46:42,2026-08-14 10:46:42
ACC91B670D6DB204E38,463,5000.0,0.0,ACTIVE,1,2026-07-24 06:35:42,2026-07-24 06:35:42
ACCF8CBA7F820E84A30,464,5000.0,0.0,ACTIVE,1,2026-08-14 18:36:42,2026-08-14 18:36:42
ACC4D1F53EC240F452C,465,5000.0,0.0,ACTIVE,1,2026-07-23 10:49:42,2026-07-23 10:49:42
ACC83A7CDEF1CD046DD,466,5000.0,0.0,ACTIVE,1,2026-08-11 05:27:42,2026-08-11 05:27:42
ACCD1A596EE1104467F,467,5000.0,0.0,ACTIVE,1,2026-07-31 05:49:42,2026-07-31 05:49:42
ACCFA6EE8F43EB8461F,468,5000.0,0.0,ACTIVE,1,2026-08-05 01:50:42,2026-08-05 01:50:42
ACC357560651A2F4FA0,469,5000.0,0.0,ACTIVE,1,2026-07-22 08:00:42,2026-07-22 08:00:42
ACC4F5C1FBBDA9A47D6,470,5000.0,0.0,ACTIVE,1,2026-08-07 05:31:42,2026-08-07 05:31:42
ACC1998971F43894FAE,471,5000.0,0.0,ACTIVE,1,2026-07-19 11:19:42,2026-07-19 11:19:42
ACCA3BF2E802AFA40B9,472,5000.0,0.0,ACTIVE,1,2026-07-26 06:45:42,2026-07-26 06:45:42
ACC6D7B8230A3FD4048,473,5000.0,0.0,ACTIVE,1,2026-08-07 10:24:42,2026-08-07 10:24:42
ACCDB01974FB7F84873,474,5000.0,0.0,ACTIVE,1,2026-08-11 05:38:42,2026-08-11 05:38:42
ACC5E5E2D37D0EA4997,475,5000.0,0.0,ACTIVE,1,2026-08-01 16:32:42,2026-08-01 16:32:42
ACCC67574630D214DC4,476,5000.0,0.0,ACTIVE,1,2026-07-23 22:24:42,2026-07-23 22:24:42
ACC04E6CA4D34C14AD0,477,5000.0,0.0,ACTIVE,1,2026-08-10 04:49:42,2026-08-10 04:49:42
ACCEB4EEADF1D9A45DB,478,5000.0,0.0,ACTIVE,1,2026-08-16 06:34:42,2026-08-16 06:34:42
ACC64913E1A41824678,479,5000.0,0.0,ACTIVE,1,2026-07-22 08:27:42,2026-07-22 08:27:42
ACC4A36AE6D63854A43,480,5000.0,0.0,ACTIVE,1,2026-07-20 22:17:42,2026-07-20 22:17:42
ACC97B3ADED435C4830,481,5000.0,0.0,ACTIVE,1,2026-08-05 23:11:42,2026-08-05 23:11:42
ACC6FAF7C8432094F77,482,5000.0,0.0,ACTIVE,1,2026-08-06 13:30:42,2026-08-06 13:30:42
ACC30AA8877906245E7,483,5000.0,0.0,ACTIVE,1,2026-07-23 20:15:42,2026-07-23 20:15:42
ACC07CC52E8A51B4201,484,5000.0,0.0,ACTIVE,1,2026-07-22 11:35:42,2026-07-22 11:35:42
ACCB7C9E0D3DB5A4F34,485,5000.0,0.0,ACTIVE,1,2026-07-21 06:32:42,2026-07-21 06:32:42
ACC6F22EA2D30B44462,486,5000.0,0.0,ACTIVE,1,2026-08-10 00:21:42,2026-08-10 00:21:42
ACC6E4BA709BE6F4D29,487,5000.0,0.0,ACTIVE,1,2026-08-15 19:26:42,2026-08-15 19:26:42
ACC730C012544EC491C,488,5000.0,0.0,ACTIVE,1,2026-07-22 09:02:42,2026-07-22 09:02:42
ACCE750E556A9FA4651,489,5000.0,0.0,ACTIVE,1,2026-07-26 03:47:42,2026-07-26 03:47:42
ACC66BCA455FEA3436A,490,5000.0,0.0,ACTIVE,1,2026-08-09 10:13:42,2026-08-09 10:13:42
ACC8B8B451A618E49FD,491,5000.0,0.0,ACTIVE,1,2026-07-22 06:51:42,2026-07-22 06:51:42
ACCD7536E1401C24DF4,492,5000.0,0.0,ACTIVE,1,2026-08-01 00:30:42,2026-08-01 00:30:42
ACC5C7E0BAE0941428C,493,5000.0,0.0,ACTIVE,1,2026-07-17 20:29:42,2026-07-17 20:29:42
ACC3F75E9B098834F84,494,5000.0,0.0,ACTIVE,1,2026-07-22 07:11:42,2026-07-22 07:11:42
ACC66E9C65040244D34,495,5000.0,0.0,ACTIVE,1,2026-07-27 16:49:42,2026-07-27 16:49:42
ACC4E02A68D2C80443F,496,5000.0,0.0,ACTIVE,1,2026-08-10 22:16:42,2026-08-10 22:16:42
ACCE0634EAD8FE64C68,497,5000.0,0.0,ACTIVE,1,2026-07-26 21:14:42,2026-07-26 21:14:42
ACCFCC5E0C3AA394EB4,498,5000.0,0.0,ACTIVE,1,2026-07-22 05:49:42,2026-07-22 05:49:42
ACC6E21562EB69841EB,499,5000.0,0.0,ACTIVE,1,2026-08-08 11:23:42,2026-08-08 11:23:42
ACC746993E7D20449FF,500,5000.0,0.0,ACTIVE,1,2026-07-28 20:19:42,2026-07-28 20:19:42
ACCAF9D96AF38E343D2,501,5000.0,0.0,ACTIVE,1,2026-08-05 06:26:42,2026-08-05 06:26:42
ACC07034394404548B2,502,5000.0,0.0,ACTIVE,1,2026-08-12 07:54:42,2026-08-12 07:54:42
ACC57937811DF0E4CB7,503,5000.0,0.0,ACTIVE,1,2026-08-07 04:57:42,2026-08-07 04:57:42
ACCB9FDA027194A4179,504,5000.0,0.0,ACTIVE,1,2026-07-20 19:46:42,2026-07-20 19:46:42
ACC47FDD847030E4EF6,505,5000.0,0.0,ACTIVE,1,2026-08-06 04:05:42,2026-08-06 04:05:42
ACCC9751BA614314646,506,5000.0,0.0,ACTIVE,1,2026-08-01 07:25:42,2026-08-01 07:25:42
ACCDDED5E2F0E5045AE,507,5000.0,0.0,ACTIVE,1,2026-07-23 20:27:42,2026-07-23 20:27:42
ACC04C0DC6D156E410C,508,5000.0,0.0,ACTIVE,1,2026-08-07 17:04:42,2026-08-07 17:04:42
ACC1EB5928DD43240D0,509,5000.0,0.0,ACTIVE,1,2026-07-20 08:14:42,2026-07-20 08:14:42
ACCD6A14C93A63642E2,510,5000.0,0.0,ACTIVE,1,2026-07-17 19:40:42,2026-07-17 19:40:42
ACC7B334F7235B44127,511,5000.0,0.0,ACTIVE,1,2026-07-30 13:34:42,2026-07-30 13:34:42
ACC5BDDA87426AA4020,512,5000.0,0.0,ACTIVE,1,2026-08-02 11:04:42,2026-08-02 11:04:42
ACC7E50FF0B8CD947DE,513,5000.0,0.0,ACTIVE,1,2026-08-10 22:13:42,2026-08-10 22:13:42
ACC323003B9F1FC46B2,514,5000.0,0.0,ACTIVE,1,2026-08-15 19:16:42,2026-08-15 19:16:42
ACCBE368095866B4883,515,5000.0,0.0,ACTIVE,1,2026-07-29 05:31:42,2026-07-29 05:31:42
ACCA73CA5C360274855,516,5000.0,0.0,ACTIVE,1,2026-08-10 10:07:42,2026-08-10 10:07:42
ACC4F0FE99A2EB14FCC,517,5000.0,0.0,ACTIVE,1,2026-08-13 01:44:42,2026-08-13 01:44:42
ACC3F8DA5854A0C429C,518,5000.0,0.0,ACTIVE,1,2026-08-10 04:48:42,2026-08-10 04:48:42
ACC6E9021048244483B,519,5000.0,0.0,ACTIVE,1,2026-07-30 22:35:42,2026-07-30 22:35:42
ACC2EDC81A7B09F4AD0,520,5000.0,0.0,ACTIVE,1,2026-07-28 06:18:42,2026-07-28 06:18:42
ACCF1B5BA1C311E429F,521,5000.0,0.0,ACTIVE,1,2026-08-05 04:16:42,2026-08-05 04:16:42
ACCAE789EFA8A194100,522,5000.0,0.0,ACTIVE,1,2026-07-17 23:18:42,2026-07-17 23:18:42
ACCF510856B977A4F5D,523,5000.0,0.0,ACTIVE,1,2026-08-06 15:40:42,2026-08-06 15:40:42
ACCE91503F265964A70,524,5000.0,0.0,ACTIVE,1,2026-08-11 07:11:42,2026-08-11 07:11:42
ACC01B792419AD84CB2,525,5000.0,0.0,ACTIVE,1,2026-08-04 05:17:42,2026-08-04 05:17:42
ACCDF3A000CD1A74BBC,526,5000.0,0.0,ACTIVE,1,2026-08-04 05:44:42,2026-08-04 05:44:42
ACC39FFCC3378E841AF,527,5000.0,0.0,ACTIVE,1,2026-07-24 21:56:42,2026-07-24 21:56:42
ACCA96FE7C080D84808,528,5000.0,0.0,ACTIVE,1,2026-08-11 03:37:42,2026-08-11 03:37:42
ACCF22B51F638CE4220,529,5000.0,0.0,ACTIVE,1,2026-08-06 04:16:42,2026-08-06 04:16:42
ACC6EAE20C86C464EB7,530,5000.0,0.0,ACTIVE,1,2026-08-16 03:47:42,2026-08-16 03:47:42
ACC0348A73E7F4A40B8,531,5000.0,0.0,ACTIVE,1,2026-07-30 02:14:42,2026-07-30 02:14:42
ACCF0B306785A744054,532,5000.0,0.0,ACTIVE,1,2026-07-26 03:29:42,2026-07-26 03:29:42
ACC0CDD78FA8C3E459E,533,5000.0,0.0,ACTIVE,1,2026-08-11 16:19:42,2026-08-11 16:19:42
ACC330073C5395E46E8,534,5000.0,0.0,ACTIVE,1,2026-08-07 17:38:42,2026-08-07 17:38:42
ACC1B0D8E83530F48AB,535,5000.0,0.0,ACTIVE,1,2026-08-07 13:06:42,2026-08-07 13:06:42
ACCBE1B051B6CD44357,536,5000.0,0.0,ACTIVE,1,2026-07-24 03:20:42,2026-07-24 03:20:42
ACCF6A023A536C943BA,537,5000.0,0.0,ACTIVE,1,2026-07-29 15:38:42,2026-07-29 15:38:42
ACC5E419D67C2414934,538,5000.0,0.0,ACTIVE,1,2026-07-30 17:07:42,2026-07-30 17:07:42
ACCC332C68B64D14C5F,539,5000.0,0.0,ACTIVE,1,2026-08-10 05:49:42,2026-08-10 05:49:42
ACCE38F802EE2D14DE6,540,5000.0,0.0,ACTIVE,1,2026-07-20 17:27:42,2026-07-20 17:27:42
ACC500C7EF7E8B04316,541,5000.0,0.0,ACTIVE,1,2026-07-20 16:27:42,2026-07-20 16:27:42
ACCFCC5D4812CB44A46,542,5000.0,0.0,ACTIVE,1,2026-08-09 19:18:42,2026-08-09 19:18:42
ACC1ED0D6C96F354BA7,543,5000.0,0.0,ACTIVE,1,2026-07-27 05:45:42,2026-07-27 05:45:42
ACCB59C3807D8084765,544,5000.0,0.0,ACTIVE,1,2026-07-22 12:03:42,2026-07-22 12:03:42
ACC30BF9DA91B294E5D,545,5000.0,0.0,ACTIVE,1,2026-07-29 07:21:42,2026-07-29 07:21:42
ACC310C405B3AFC47B7,546,5000.0,0.0,ACTIVE,1,2026-07-30 13:35:42,2026-07-30 13:35:42
ACCB2867837C9EA4371,547,5000.0,0.0,ACTIVE,1,2026-07-29 10:01:42,2026-07-29 10:01:42
ACCBBEA546AAC474934,548,5000.0,0.0,ACTIVE,1,2026-08-12 04:57:42,2026-08-12 04:57:42
ACCC9881399AB6C4E10,549,5000.0,0.0,ACTIVE,1,2026-07-19 22:47:42,2026-07-19 22:47:42
ACCF68FFA03C87E43B9,550,5000.0,0.0,ACTIVE,1,2026-08-11 20:35:42,2026-08-11 20:35:42
ACCC9CBF567C9B94C24,551,5000.0,0.0,ACTIVE,1,2026-08-01 14:19:42,2026-08-01 14:19:42
ACC3305F6D93FFF4745,552,5000.0,0.0,ACTIVE,1,2026-07-27 05:31:42,2026-07-27 05:31:42
ACCB0D6B84468F44AB0,553,5000.0,0.0,ACTIVE,1,2026-07-27 16:30:42,2026-07-27 16:30:42
ACC09AB3F258A9447C4,554,5000.0,0.0,ACTIVE,1,2026-07-25 07:26:42,2026-07-25 07:26:42
ACC9638FC15091F4431,555,5000.0,0.0,ACTIVE,1,2026-07-29 18:00:42,2026-07-29 18:00:42
ACC4108DA35BDA44987,556,5000.0,0.0,ACTIVE,1,2026-07-26 21:11:42,2026-07-26 21:11:42
ACC9814634ED54A43AE,557,5000.0,0.0,ACTIVE,1,2026-07-22 01:30:42,2026-07-22 01:30:42
ACCB3821FB71A8B47D6,558,5000.0,0.0,ACTIVE,1,2026-07-21 12:24:42,2026-07-21 12:24:42
ACC0CC390F1B8A74D6B,559,5000.0,0.0,ACTIVE,1,2026-07-21 09:34:42,2026-07-21 09:34:42
ACC90B9BF01D6B8428A,560,5000.0,0.0,ACTIVE,1,2026-08-12 00:01:42,2026-08-12 00:01:42
ACCB79FE2E72DCA449B,561,5000.0,0.0,ACTIVE,1,2026-07-18 21:07:42,2026-07-18 21:07:42
ACCBDC6B6039C1F4039,562,5000.0,0.0,ACTIVE,1,2026-08-12 22:05:42,2026-08-12 22:05:42
ACC6AB6CB3BC9DF4B56,563,5000.0,0.0,ACTIVE,1,2026-08-13 13:27:42,2026-08-13 13:27:42
ACC0C948CA6EF9C4033,564,5000.0,0.0,ACTIVE,1,2026-08-03 12:11:42,2026-08-03 12:11:42
ACC4B2029475DD849C7,565,5000.0,0.0,ACTIVE,1,2026-08-11 10:50:42,2026-08-11 10:50:42
ACCAE45D30D97C44E61,566,5000.0,0.0,ACTIVE,1,2026-08-14 07:13:42,2026-08-14 07:13:42
ACC0E68F54738494971,567,5000.0,0.0,ACTIVE,1,2026-08-03 22:36:42,2026-08-03 22:36:42
ACCA3551E85382B4F93,568,5000.0,0.0,ACTIVE,1,2026-07-27 16:10:42,2026-07-27 16:10:42
ACC8D517D19312942C3,569,5000.0,0.0,ACTIVE,1,2026-08-10 03:51:42,2026-08-10 03:51:42
ACC067400AB188C4C9E,570,5000.0,0.0,ACTIVE,1,2026-08-09 02:12:42,2026-08-09 02:12:42
ACC83D05D4F55004D00,571,5000.0,0.0,ACTIVE,1,2026-08-15 20:34:42,2026-08-15 20:34:42
ACC0A90F2BB9E7648F8,572,5000.0,0.0,ACTIVE,1,2026-07-25 14:25:42,2026-07-25 14:25:42
ACC65B090BD0EAE460C,573,5000.0,0.0,ACTIVE,1,2026-08-04 16:09:42,2026-08-04 16:09:42
ACCF051BF6487514C21,574,5000.0,0.0,ACTIVE,1,2026-08-06 06:59:42,2026-08-06 06:59:42
ACCA532154DF0194E69,575,5000.0,0.0,ACTIVE,1,2026-08-04 14:14:42,2026-08-04 14:14:42
ACCA5B4A69A614C4623,576,5000.0,0.0,ACTIVE,1,2026-07-31 00:55:42,2026-07-31 00:55:42
ACC298D49C5F803439D,577,5000.0,0.0,ACTIVE,1,2026-08-02 07:09:42,2026-08-02 07:09:42
ACC3C7A4B2E05B44B93,578,5000.0,0.0,ACTIVE,1,2026-07-18 05:16:42,2026-07-18 05:16:42
ACCA55168AF47BC4204,579,5000.0,0.0,ACTIVE,1,2026-08-14 15:47:42,2026-08-14 15:47:42
ACC884C01B70FE748C7,580,5000.0,0.0,ACTIVE,1,2026-07-24 06:33:42,2026-07-24 06:33:42
ACCAA39A540096C4775,581,5000.0,0.0,ACTIVE,1,2026-07-22 14:40:42,2026-07-22 14:40:42
ACC2AC11C958FA64FBD,582,5000.0,0.0,ACTIVE,1,2026-08-09 01:17:42,2026-08-09 01:17:42
ACCD5980B944095407C,583,5000.0,0.0,ACTIVE,1,2026-08-06 20:54:42,2026-08-06 20:54:42
ACC66D3AC88A41C4F99,584,5000.0,0.0,ACTIVE,1,2026-07-30 23:23:42,2026-07-30 23:23:42
ACCC791AF4091924FC2,585,5000.0,0.0,ACTIVE,1,2026-08-06 22:52:42,2026-08-06 22:52:42
ACC2E87594C56E7484C,586,5000.0,0.0,ACTIVE,1,2026-08-04 15:40:42,2026-08-04 15:40:42
ACC6A2C41C088C94471,587,5000.0,0.0,ACTIVE,1,2026-08-14 01:59:42,2026-08-14 01:59:42
ACC05B29B4132F94AB7,588,5000.0,0.0,ACTIVE,1,2026-07-18 08:47:42,2026-07-18 08:47:42
ACC8CFB3EA77DB64BE9,589,5000.0,0.0,ACTIVE,1,2026-08-03 07:21:42,2026-08-03 07:21:42
ACCF158B083FEF24817,590,5000.0,0.0,ACTIVE,1,2026-07-23 16:54:42,2026-07-23 16:54:42
ACCA682B2F6DBD84F1C,591,5000.0,0.0,ACTIVE,1,2026-08-16 10:42:42,2026-08-16 10:42:42
ACC5F88F66494C94288,592,5000.0,0.0,ACTIVE,1,2026-07-22 06:23:42,2026-07-22 06:23:42
ACCF975E105079B4060,593,5000.0,0.0,ACTIVE,1,2026-07-23 05:28:42,2026-07-23 05:28:42
ACC0282C9F126EB4B0C,594,5000.0,0.0,ACTIVE,1,2026-07-27 01:21:42,2026-07-27 01:21:42
ACC79CBDE2B79AA47F1,595,5000.0,0.0,ACTIVE,1,2026-08-08 16:36:42,2026-08-08 16:36:42
ACC734C0B83CF534874,596,5000.0,0.0,ACTIVE,1,2026-07-18 12:04:42,2026-07-18 12:04:42
ACCE0F988B05F7D435F,597,5000.0,0.0,ACTIVE,1,2026-08-06 06:18:42,2026-08-06 06:18:42
ACCBE6E6160044B462D,598,5000.0,0.0,ACTIVE,1,2026-08-06 20:28:42,2026-08-06 20:28:42
ACC84E722B32A63499C,599,5000.0,0.0,ACTIVE,1,2026-08-09 15:56:42,2026-08-09 15:56:42
ACCBFA4EDEFAA8A496D,600,5000.0,0.0,ACTIVE,1,2026-08-01 23:17:42,2026-08-01 23:17:42
ACC2AC8093EA7D04C31,601,5000.0,0.0,ACTIVE,1,2026-07-25 19:13:42,2026-07-25 19:13:42
ACC5BD4BDD6D42E4F06,602,5000.0,0.0,ACTIVE,1,2026-08-15 20:47:42,2026-08-15 20:47:42
ACC8EA330AB284A45A9,603,5000.0,0.0,ACTIVE,1,2026-08-01 07:22:42,2026-08-01 07:22:42
ACCE72AC7D53BCE4505,604,5000.0,0.0,ACTIVE,1,2026-08-11 07:47:42,2026-08-11 07:47:42
ACCDA1206C5C14E44DC,605,5000.0,0.0,ACTIVE,1,2026-07-23 18:34:42,2026-07-23 18:34:42
ACC9E93CB198A3E433C,606,5000.0,0.0,ACTIVE,1,2026-07-31 16:39:42,2026-07-31 16:39:42
ACCD5E8E9BD9F474048,607,5000.0,0.0,ACTIVE,1,2026-08-01 04:23:42,2026-08-01 04:23:42
ACCC95E977F7DC24C85,608,5000.0,0.0,ACTIVE,1,2026-08-01 00:45:42,2026-08-01 00:45:42
ACC6AB7A368EB164A77,609,5000.0,0.0,ACTIVE,1,2026-08-08 14:58:42,2026-08-08 14:58:42
ACC30A92D23B57E4D66,610,5000.0,0.0,ACTIVE,1,2026-08-08 19:23:42,2026-08-08 19:23:42
ACC15F6270280D84828,611,5000.0,0.0,ACTIVE,1,2026-07-20 18:40:42,2026-07-20 18:40:42
ACC4BD4E7B5E9584A40,612,5000.0,0.0,ACTIVE,1,2026-08-05 05:57:42,2026-08-05 05:57:42
ACC28F4895F3F6B4BEF,613,5000.0,0.0,ACTIVE,1,2026-07-18 17:20:42,2026-07-18 17:20:42
ACC8998167217DA4FB2,614,5000.0,0.0,ACTIVE,1,2026-08-06 11:29:42,2026-08-06 11:29:42
ACC14A7F969C7B04418,615,5000.0,0.0,ACTIVE,1,2026-07-21 16:19:42,2026-07-21 16:19:42
ACCB3DE018A3CD54958,616,5000.0,0.0,ACTIVE,1,2026-07-30 20:58:42,2026-07-30 20:58:42
ACCF19CD6AD1AD04AE2,617,5000.0,0.0,ACTIVE,1,2026-08-09 02:53:42,2026-08-09 02:53:42
ACC630C77121E37402C,618,5000.0,0.0,ACTIVE,1,2026-07-19 04:00:42,2026-07-19 04:00:42
ACC67877360DDCB4B93,619,5000.0,0.0,ACTIVE,1,2026-08-06 16:20:42,2026-08-06 16:20:42
ACC1360358720FE4973,620,5000.0,0.0,ACTIVE,1,2026-08-05 12:37:42,2026-08-05 12:37:42
ACC8FA0BBE3250944CC,621,5000.0,0.0,ACTIVE,1,2026-07-23 23:40:42,2026-07-23 23:40:42
ACCD04A4E8C25704F03,622,5000.0,0.0,ACTIVE,1,2026-07-29 03:06:42,2026-07-29 03:06:42
ACC0CC38A089417477E,623,5000.0,0.0,ACTIVE,1,2026-07-23 11:46:42,2026-07-23 11:46:42
ACC3458EFBA118B431C,624,5000.0,0.0,ACTIVE,1,2026-08-16 11:21:42,2026-08-16 11:21:42
ACC33B55789A56842D2,625,5000.0,0.0,ACTIVE,1,2026-08-06 18:07:42,2026-08-06 18:07:42
ACC3F5D812E67BC404C,626,5000.0,0.0,ACTIVE,1,2026-08-13 12:22:42,2026-08-13 12:22:42
ACC1642E275F52D4D6F,627,5000.0,0.0,ACTIVE,1,2026-08-01 17:46:42,2026-08-01 17:46:42
ACC6E5863136244475E,628,5000.0,0.0,ACTIVE,1,2026-08-15 10:58:42,2026-08-15 10:58:42
ACCE215FE8806504AD9,629,5000.0,0.0,ACTIVE,1,2026-07-25 07:26:42,2026-07-25 07:26:42
ACC4EBA01083FFF49C2,630,5000.0,0.0,ACTIVE,1,2026-08-13 02:47:42,2026-08-13 02:47:42
ACCD8CA852813D64E35,631,5000.0,0.0,ACTIVE,1,2026-08-14 00:19:42,2026-08-14 00:19:42
ACCBEEDFF0AB6FF486C,632,5000.0,0.0,ACTIVE,1,2026-07-26 14:40:42,2026-07-26 14:40:42
ACC6762DC42543441E6,633,5000.0,0.0,ACTIVE,1,2026-07-20 07:56:42,2026-07-20 07:56:42
ACCB83CDE752FE2488B,634,5000.0,0.0,ACTIVE,1,2026-08-06 04:38:42,2026-08-06 04:38:42
ACC143675CC7FC84EEC,635,5000.0,0.0,ACTIVE,1,2026-08-10 14:06:42,2026-08-10 14:06:42
ACC08C53CA1FBBE4921,636,5000.0,0.0,ACTIVE,1,2026-08-12 15:45:42,2026-08-12 15:45:42
ACC95871070225A46E1,637,5000.0,0.0,ACTIVE,1,2026-08-06 05:48:42,2026-08-06 05:48:42
ACCC703773269D040AD,638,5000.0,0.0,ACTIVE,1,2026-07-23 12:27:42,2026-07-23 12:27:42
ACC8AD1D28FAD954A6B,639,5000.0,0.0,ACTIVE,1,2026-08-08 15:50:42,2026-08-08 15:50:42
ACC2F17A802A0B3493C,640,5000.0,0.0,ACTIVE,1,2026-07-20 20:11:42,2026-07-20 20:11:42
ACCEF8C5D84C52D41E7,641,5000.0,0.0,ACTIVE,1,2026-08-10 08:46:42,2026-08-10 08:46:42
ACCF56DDDE8B3474524,642,5000.0,0.0,ACTIVE,1,2026-08-05 06:23:42,2026-08-05 06:23:42
ACCB27435711F8F49F7,643,5000.0,0.0,ACTIVE,1,2026-08-08 13:54:42,2026-08-08 13:54:42
ACC29E63F12990F4395,644,5000.0,0.0,ACTIVE,1,2026-07-29 19:20:42,2026-07-29 19:20:42
ACC1E57E8B69F5643ED,645,5000.0,0.0,ACTIVE,1,2026-08-02 15:04:42,2026-08-02 15:04:42
ACCC1A97245DE1B4406,646,5000.0,0.0,ACTIVE,1,2026-08-16 17:02:42,2026-08-16 17:02:42
ACC877F43623DE54CD8,647,5000.0,0.0,ACTIVE,1,2026-08-10 06:32:42,2026-08-10 06:32:42
ACCFCD5E9367A434093,648,5000.0,0.0,ACTIVE,1,2026-07-29 00:39:42,2026-07-29 00:39:42
ACCC5D201EF2E1F4429,649,5000.0,0.0,ACTIVE,1,2026-08-14 11:58:42,2026-08-14 11:58:42
ACCEDB96D15F0654576,650,5000.0,0.0,ACTIVE,1,2026-08-14 08:48:42,2026-08-14 08:48:42
ACC2A84F12318764A8C,651,5000.0,0.0,ACTIVE,1,2026-08-15 12:56:42,2026-08-15 12:56:42
ACCEB63EBA2A1374009,652,5000.0,0.0,ACTIVE,1,2026-07-20 19:30:42,2026-07-20 19:30:42
ACCC1E1B65EFFCE4A59,653,5000.0,0.0,ACTIVE,1,2026-08-03 21:28:42,2026-08-03 21:28:42
ACCA2A9BB0A9DDB48FC,654,5000.0,0.0,ACTIVE,1,2026-08-10 13:38:42,2026-08-10 13:38:42
ACCB8759055325446E3,655,5000.0,0.0,ACTIVE,1,2026-07-19 14:53:42,2026-07-19 14:53:42
ACC387EE8447282443A,656,5000.0,0.0,ACTIVE,1,2026-07-28 11:14:42,2026-07-28 11:14:42
ACC99B6114A70704D54,657,5000.0,0.0,ACTIVE,1,2026-08-03 01:25:42,2026-08-03 01:25:42
ACCB4B45F801B3F47CD,658,5000.0,0.0,ACTIVE,1,2026-08-08 06:47:42,2026-08-08 06:47:42
ACCBCEB701381DD4E5A,659,5000.0,0.0,ACTIVE,1,2026-07-27 02:40:42,2026-07-27 02:40:42
ACCB242C17E9CFA4B4E,660,5000.0,0.0,ACTIVE,1,2026-07-22 18:31:42,2026-07-22 18:31:42
ACC2C283236709E499E,661,5000.0,0.0,ACTIVE,1,2026-07-30 03:33:42,2026-07-30 03:33:42
ACC0BF343E2FAFC4EF2,662,5000.0,0.0,ACTIVE,1,2026-08-06 06:38:42,2026-08-06 06:38:42
ACCDC9B977B61E0462B,663,5000.0,0.0,ACTIVE,1,2026-08-05 23:41:42,2026-08-05 23:41:42
ACC5FD657D964B34A15,664,5000.0,0.0,ACTIVE,1,2026-08-15 03:22:42,2026-08-15 03:22:42
ACCB7C5C3A715D54A85,665,5000.0,0.0,ACTIVE,1,2026-08-09 13:49:42,2026-08-09 13:49:42
ACC28CD876F1D804272,666,5000.0,0.0,ACTIVE,1,2026-08-08 01:03:42,2026-08-08 01:03:42
ACC00618300DBF14C2F,667,5000.0,0.0,ACTIVE,1,2026-07-29 06:33:42,2026-07-29 06:33:42
ACC9186924A0E76412A,668,5000.0,0.0,ACTIVE,1,2026-08-09 00:35:42,2026-08-09 00:35:42
ACC75CEA148471B4365,669,5000.0,0.0,ACTIVE,1,2026-08-15 20:11:42,2026-08-15 20:11:42
ACC924CD092E0C548D0,670,5000.0,0.0,ACTIVE,1,2026-07-29 14:19:42,2026-07-29 14:19:42
ACC18D7D8821E4045E1,671,5000.0,0.0,ACTIVE,1,2026-07-30 09:44:42,2026-07-30 09:44:42
ACC9198062BF1444B4A,672,5000.0,0.0,ACTIVE,1,2026-08-14 17:41:42,2026-08-14 17:41:42
ACCC8364A35EF41403F,673,5000.0,0.0,ACTIVE,1,2026-08-16 02:25:42,2026-08-16 02:25:42
ACC49362378CAA44BF7,674,5000.0,0.0,ACTIVE,1,2026-07-17 23:43:42,2026-07-17 23:43:42
ACCDD5F9FDC47C54D14,675,5000.0,0.0,ACTIVE,1,2026-07-25 12:57:42,2026-07-25 12:57:42
ACCE7D399CD9B7D4E54,676,5000.0,0.0,ACTIVE,1,2026-08-16 14:18:42,2026-08-16 14:18:42
ACC84A849BE94CF4502,677,5000.0,0.0,ACTIVE,1,2026-07-20 02:00:42,2026-07-20 02:00:42
ACC3E00FB36654242F3,678,5000.0,0.0,ACTIVE,1,2026-08-04 20:13:42,2026-08-04 20:13:42
ACC00FE620A2273475C,679,5000.0,0.0,ACTIVE,1,2026-08-13 08:36:42,2026-08-13 08:36:42
ACCF765C7C548BF4D33,680,5000.0,0.0,ACTIVE,1,2026-08-10 19:28:42,2026-08-10 19:28:42
ACCF60F1AB9985D480C,681,5000.0,0.0,ACTIVE,1,2026-07-27 08:44:42,2026-07-27 08:44:42
ACC63BBB67FE0B34AB4,682,5000.0,0.0,ACTIVE,1,2026-07-22 07:41:42,2026-07-22 07:41:42
ACC9D8B925F60AD45AF,683,5000.0,0.0,ACTIVE,1,2026-08-04 09:09:42,2026-08-04 09:09:42
ACCAE521796D87D43F3,684,5000.0,0.0,ACTIVE,1,2026-08-10 19:55:42,2026-08-10 19:55:42
ACCA65EAF8C94C348C7,685,5000.0,0.0,ACTIVE,1,2026-07-20 00:53:42,2026-07-20 00:53:42
ACCC5EE05D729EF4CAF,686,5000.0,0.0,ACTIVE,1,2026-08-05 23:41:42,2026-08-05 23:41:42
ACCB1D128121D934170,687,5000.0,0.0,ACTIVE,1,2026-08-13 03:46:42,2026-08-13 03:46:42
ACC94FDAFA6BA5D4B1A,688,5000.0,0.0,ACTIVE,1,2026-08-09 07:35:42,2026-08-09 07:35:42
ACC84A5C62E4A0144F5,689,5000.0,0.0,ACTIVE,1,2026-07-20 20:13:42,2026-07-20 20:13:42
ACCC4BDDE306B9C4AC8,690,5000.0,0.0,ACTIVE,1,2026-08-02 18:39:42,2026-08-02 18:39:42
ACC3F92D57D303E4554,691,5000.0,0.0,ACTIVE,1,2026-07-25 16:33:42,2026-07-25 16:33:42
ACC17069B52DF9F4CD8,692,5000.0,0.0,ACTIVE,1,2026-07-24 18:52:42,2026-07-24 18:52:42
ACC3822C715260E42AD,693,5000.0,0.0,ACTIVE,1,2026-07-24 05:45:42,2026-07-24 05:45:42
ACCE2962ACF987943D9,694,5000.0,0.0,ACTIVE,1,2026-07-19 06:33:42,2026-07-19 06:33:42
ACC82075B5B2E8142C1,695,5000.0,0.0,ACTIVE,1,2026-08-13 03:05:42,2026-08-13 03:05:42
ACC14A78E7BB65149DB,696,5000.0,0.0,ACTIVE,1,2026-08-11 04:51:42,2026-08-11 04:51:42
ACCEF25B294B0C84628,697,5000.0,0.0,ACTIVE,1,2026-08-16 08:39:42,2026-08-16 08:39:42
ACCF2DB5E860E3E479A,698,5000.0,0.0,ACTIVE,1,2026-08-06 12:59:42,2026-08-06 12:59:42
ACCE1FE058F694F485C,699,5000.0,0.0,ACTIVE,1,2026-07-24 16:20:42,2026-07-24 16:20:42
ACC6D0D6194CC3D4B61,700,5000.0,0.0,ACTIVE,1,2026-07-27 22:58:42,2026-07-27 22:58:42
ACC96D6133F31244233,701,5000.0,0.0,ACTIVE,1,2026-08-02 22:45:42,2026-08-02 22:45:42
ACC3D0FD56F57CA434B,702,5000.0,0.0,ACTIVE,1,2026-08-11 17:49:42,2026-08-11 17:49:42
ACC3BBB43CDFD044BA3,703,5000.0,0.0,ACTIVE,1,2026-08-10 05:11:42,2026-08-10 05:11:42
ACC6E46E0B060A144BF,704,5000.0,0.0,ACTIVE,1,2026-08-07 21:37:42,2026-08-07 21:37:42
ACC42EBEE2D17934DA7,705,5000.0,0.0,ACTIVE,1,2026-08-13 17:30:42,2026-08-13 17:30:42
ACC16DCBCD3206B4B1D,706,5000.0,0.0,ACTIVE,1,2026-07-21 03:46:42,2026-07-21 03:46:42
ACC06F6426473AC4647,707,5000.0,0.0,ACTIVE,1,2026-08-16 05:50:42,2026-08-16 05:50:42
ACCB9649FCC981647C4,708,5000.0,0.0,ACTIVE,1,2026-08-01 12:49:42,2026-08-01 12:49:42
ACCA70BD1B5DF6D49F1,709,5000.0,0.0,ACTIVE,1,2026-08-10 22:37:42,2026-08-10 22:37:42
ACC39E826FBE42C4967,710,5000.0,0.0,ACTIVE,1,2026-07-20 15:36:42,2026-07-20 15:36:42
ACCED69AA93FE364E37,711,5000.0,0.0,ACTIVE,1,2026-07-31 21:39:42,2026-07-31 21:39:42
ACC5551FAB3374E4001,712,5000.0,0.0,ACTIVE,1,2026-08-04 13:32:42,2026-08-04 13:32:42
ACC7DA5F1096FDB4DEE,713,5000.0,0.0,ACTIVE,1,2026-08-11 04:53:42,2026-08-11 04:53:42
ACCC6FC0F7AB59A4710,714,5000.0,0.0,ACTIVE,1,2026-08-02 10:41:42,2026-08-02 10:41:42
ACC10EF89D1BEFF4B5D,715,5000.0,0.0,ACTIVE,1,2026-08-15 14:07:42,2026-08-15 14:07:42
ACC7A7995EA2612454A,716,5000.0,0.0,ACTIVE,1,2026-07-26 07:04:42,2026-07-26 07:04:42
ACC5F1632C48B5F4EEB,717,5000.0,0.0,ACTIVE,1,2026-07-23 00:41:42,2026-07-23 00:41:42
ACC5A848851E0A543D1,718,5000.0,0.0,ACTIVE,1,2026-07-21 06:03:42,2026-07-21 06:03:42
ACCCF1612D9330D4A55,719,5000.0,0.0,ACTIVE,1,2026-07-29 21:00:42,2026-07-29 21:00:42
ACC27170D9C99EA48A0,720,5000.0,0.0,ACTIVE,1,2026-07-19 11:25:42,2026-07-19 11:25:42
ACC43364722A6F3479C,721,5000.0,0.0,ACTIVE,1,2026-08-03 20:53:42,2026-08-03 20:53:42
ACC9B2F1ACA347F4C55,722,5000.0,0.0,ACTIVE,1,2026-07-19 02:04:42,2026-07-19 02:04:42
ACC3549CF42CC364A6E,723,5000.0,0.0,ACTIVE,1,2026-08-12 15:07:42,2026-08-12 15:07:42
ACCC239FAFF002E4B72,724,5000.0,0.0,ACTIVE,1,2026-08-11 12:04:42,2026-08-11 12:04:42
ACCFD1BA98765C74B56,725,5000.0,0.0,ACTIVE,1,2026-08-15 05:50:42,2026-08-15 05:50:42
ACC31ABBC0A12464D55,726,5000.0,0.0,ACTIVE,1,2026-07-20 22:46:42,2026-07-20 22:46:42
ACC6A0E808442294E9D,727,5000.0,0.0,ACTIVE,1,2026-08-05 18:57:42,2026-08-05 18:57:42
ACC61325A6A9EE44973,728,5000.0,0.0,ACTIVE,1,2026-08-04 01:30:42,2026-08-04 01:30:42
ACCBB67CA44BA3A488C,729,5000.0,0.0,ACTIVE,1,2026-07-20 10:22:42,2026-07-20 10:22:42
ACC28387C223B5E4668,730,5000.0,0.0,ACTIVE,1,2026-07-21 20:16:42,2026-07-21 20:16:42
ACCAF3D83E7F3714D01,731,5000.0,0.0,ACTIVE,1,2026-07-22 05:48:42,2026-07-22 05:48:42
ACC9A8F7DC70E124D4A,732,5000.0,0.0,ACTIVE,1,2026-08-12 00:18:42,2026-08-12 00:18:42
ACCA0DE445BDD9F473A,733,5000.0,0.0,ACTIVE,1,2026-07-18 15:19:42,2026-07-18 15:19:42
ACCC54768015C204AF6,734,5000.0,0.0,ACTIVE,1,2026-07-20 00:59:42,2026-07-20 00:59:42
ACCA528D80EA25D42DC,735,5000.0,0.0,ACTIVE,1,2026-08-08 06:14:42,2026-08-08 06:14:42
ACC25B6DEB857634C81,736,5000.0,0.0,ACTIVE,1,2026-07-28 03:53:42,2026-07-28 03:53:42
ACC7FD5F200FBFF42BA,737,5000.0,0.0,ACTIVE,1,2026-08-04 14:16:42,2026-08-04 14:16:42
ACC27D61CA1D5A343B0,738,5000.0,0.0,ACTIVE,1,2026-08-15 05:59:42,2026-08-15 05:59:42
ACC4A48D1D82BBB4362,739,5000.0,0.0,ACTIVE,1,2026-08-14 19:25:42,2026-08-14 19:25:42
ACC023A757B1FB54AC8,740,5000.0,0.0,ACTIVE,1,2026-08-16 08:03:42,2026-08-16 08:03:42
ACCF0D261843116452F,741,5000.0,0.0,ACTIVE,1,2026-08-08 03:01:42,2026-08-08 03:01:42
ACCBD6A1E5FEA25467C,742,5000.0,0.0,ACTIVE,1,2026-08-12 09:08:42,2026-08-12 09:08:42
ACC688D978AC97A48D7,743,5000.0,0.0,ACTIVE,1,2026-08-07 19:29:42,2026-08-07 19:29:42
ACC9714CC8836C24061,744,5000.0,0.0,ACTIVE,1,2026-08-10 04:42:42,2026-08-10 04:42:42
ACC233DCFABCB2147A7,745,5000.0,0.0,ACTIVE,1,2026-07-23 02:00:42,2026-07-23 02:00:42
ACC9A572F6FACAA412C,746,5000.0,0.0,ACTIVE,1,2026-07-31 13:51:42,2026-07-31 13:51:42
ACCF6DBD3D58E46487F,747,5000.0,0.0,ACTIVE,1,2026-08-04 14:06:42,2026-08-04 14:06:42
ACC3271133EEC5E4E6A,748,5000.0,0.0,ACTIVE,1,2026-08-16 13:43:42,2026-08-16 13:43:42
ACCCC0731CCA5894715,749,5000.0,0.0,ACTIVE,1,2026-08-09 17:26:42,2026-08-09 17:26:42
ACC620A8DBC76134E7F,750,5000.0,0.0,ACTIVE,1,2026-07-25 12:38:42,2026-07-25 12:38:42
ACC533BB0468BC844EB,751,5000.0,0.0,ACTIVE,1,2026-07-31 06:15:42,2026-07-31 06:15:42
ACC28978462C8564384,752,5000.0,0.0,ACTIVE,1,2026-08-09 07:24:42,2026-08-09 07:24:42
ACC79DC7067258541A4,753,5000.0,0.0,ACTIVE,1,2026-08-11 03:18:42,2026-08-11 03:18:42
ACC2883D8BB785A48AF,754,5000.0,0.0,ACTIVE,1,2026-08-05 13:02:42,2026-08-05 13:02:42
ACC5F133CEF56EB4875,755,5000.0,0.0,ACTIVE,1,2026-08-07 18:31:42,2026-08-07 18:31:42
ACC713E287109284EB3,756,5000.0,0.0,ACTIVE,1,2026-07-20 00:06:42,2026-07-20 00:06:42
ACCB06A309BAD9B4E6B,757,5000.0,0.0,ACTIVE,1,2026-07-27 11:12:42,2026-07-27 11:12:42
ACC6CBA30852E5042A1,758,5000.0,0.0,ACTIVE,1,2026-07-27 05:23:42,2026-07-27 05:23:42
ACC3B925798FE234523,759,5000.0,0.0,ACTIVE,1,2026-08-01 14:14:42,2026-08-01 14:14:42
ACCC50CD26879954982,760,5000.0,0.0,ACTIVE,1,2026-07-22 18:41:42,2026-07-22 18:41:42
ACC99EDC564A9014294,761,5000.0,0.0,ACTIVE,1,2026-07-22 09:10:42,2026-07-22 09:10:42
ACC4B28852715B24914,762,5000.0,0.0,ACTIVE,1,2026-07-19 06:01:42,2026-07-19 06:01:42
ACC938E7DD0FED34662,763,5000.0,0.0,ACTIVE,1,2026-08-08 12:26:42,2026-08-08 12:26:42
ACC5344158D63704AF6,764,5000.0,0.0,ACTIVE,1,2026-07-20 23:30:42,2026-07-20 23:30:42
ACC835BB2F4BFE24412,765,5000.0,0.0,ACTIVE,1,2026-08-16 02:13:42,2026-08-16 02:13:42
ACCFCB710924F5A4115,766,5000.0,0.0,ACTIVE,1,2026-07-26 23:17:42,2026-07-26 23:17:42
ACCCB64AFF967764E7D,767,5000.0,0.0,ACTIVE,1,2026-07-26 15:25:42,2026-07-26 15:25:42
ACC48002D0E85FE4648,768,5000.0,0.0,ACTIVE,1,2026-08-07 22:35:42,2026-08-07 22:35:42
ACCEE112BF248AA48CC,769,5000.0,0.0,ACTIVE,1,2026-07-26 19:58:42,2026-07-26 19:58:42
ACC1A98BB55A3F14877,770,5000.0,0.0,ACTIVE,1,2026-08-12 02:07:42,2026-08-12 02:07:42
ACCA59E160840BA4F19,771,5000.0,0.0,ACTIVE,1,2026-07-21 23:30:42,2026-07-21 23:30:42
ACC19974E79F5BA4973,772,5000.0,0.0,ACTIVE,1,2026-07-24 18:14:42,2026-07-24 18:14:42
ACC975B985D3A6F495D,773,5000.0,0.0,ACTIVE,1,2026-08-08 05:30:42,2026-08-08 05:30:42
ACCDE35C05EB19F4D9C,774,5000.0,0.0,ACTIVE,1,2026-07-28 20:19:42,2026-07-28 20:19:42
ACC66533698B68B4721,775,5000.0,0.0,ACTIVE,1,2026-07-23 20:41:42,2026-07-23 20:41:42
ACCE0FC6319096646B4,776,5000.0,0.0,ACTIVE,1,2026-07-17 21:33:42,2026-07-17 21:33:42
ACC0C0EFD894D9046B0,777,5000.0,0.0,ACTIVE,1,2026-07-20 13:02:42,2026-07-20 13:02:42
ACC6AC2667360954339,778,5000.0,0.0,ACTIVE,1,2026-08-07 15:25:42,2026-08-07 15:25:42
ACC8B232A651FBC430F,779,5000.0,0.0,ACTIVE,1,2026-07-24 01:07:42,2026-07-24 01:07:42
ACC4FF24EC4C28D4FE1,780,5000.0,0.0,ACTIVE,1,2026-07-27 16:41:42,2026-07-27 16:41:42
ACC9AB729183EA24ABB,781,5000.0,0.0,ACTIVE,1,2026-07-24 09:29:42,2026-07-24 09:29:42
ACC01FBE94291014A55,782,5000.0,0.0,ACTIVE,1,2026-08-08 00:37:42,2026-08-08 00:37:42
ACCABE47FF843974D2E,783,5000.0,0.0,ACTIVE,1,2026-08-01 17:00:42,2026-08-01 17:00:42
ACC98186BB75DC64391,784,5000.0,0.0,ACTIVE,1,2026-07-28 23:51:42,2026-07-28 23:51:42
ACC8D6AB971064B4852,785,5000.0,0.0,ACTIVE,1,2026-07-31 15:00:42,2026-07-31 15:00:42
ACCA3D86BC6A7A84BDC,786,5000.0,0.0,ACTIVE,1,2026-08-07 05:52:42,2026-08-07 05:52:42
ACC1873B935C1CC4E56,787,5000.0,0.0,ACTIVE,1,2026-08-10 08:29:42,2026-08-10 08:29:42
ACC5A2BC0FB389E425C,788,5000.0,0.0,ACTIVE,1,2026-08-12 08:00:42,2026-08-12 08:00:42
ACC319C871FA4DB445A,789,5000.0,0.0,ACTIVE,1,2026-08-01 08:15:42,2026-08-01 08:15:42
ACC269A5DFF662740D1,790,5000.0,0.0,ACTIVE,1,2026-07-27 17:55:42,2026-07-27 17:55:42
ACCC3778C89FAF74B88,791,5000.0,0.0,ACTIVE,1,2026-08-10 13:19:42,2026-08-10 13:19:42
ACC241E09ABE46C44D5,792,5000.0,0.0,ACTIVE,1,2026-07-22 16:47:42,2026-07-22 16:47:42
ACC1CD7E52CDD2B448A,793,5000.0,0.0,ACTIVE,1,2026-07-27 05:30:42,2026-07-27 05:30:42
ACC4394C4BE34A94843,794,5000.0,0.0,ACTIVE,1,2026-08-04 18:53:42,2026-08-04 18:53:42
ACC17A1053B6D2A4DB9,795,5000.0,0.0,ACTIVE,1,2026-07-24 07:55:42,2026-07-24 07:55:42
ACC44A8BDD1F44D4A05,796,5000.0,0.0,ACTIVE,1,2026-08-10 18:12:42,2026-08-10 18:12:42
ACC8D5D6EBBC06941EB,797,5000.0,0.0,ACTIVE,1,2026-08-08 19:59:42,2026-08-08 19:59:42
ACC438E617DAC62485F,798,5000.0,0.0,ACTIVE,1,2026-08-12 15:31:42,2026-08-12 15:31:42
ACCFD01FB9F17A240FE,799,5000.0,0.0,ACTIVE,1,2026-08-07 13:51:42,2026-08-07 13:51:42
ACC75D4C8CCDE6145E5,800,5000.0,0.0,ACTIVE,1,2026-08-07 04:09:42,2026-08-07 04:09:42
ACC1517E64B4B4E4987,801,5000.0,0.0,ACTIVE,1,2026-07-31 08:28:42,2026-07-31 08:28:42
ACC3B236B8D8E6047D7,802,5000.0,0.0,ACTIVE,1,2026-07-19 03:33:42,2026-07-19 03:33:42
ACC7F57FF234DC44340,803,5000.0,0.0,ACTIVE,1,2026-07-18 06:54:42,2026-07-18 06:54:42
ACC99D0742C6A48422B,804,5000.0,0.0,ACTIVE,1,2026-07-24 14:42:42,2026-07-24 14:42:42
ACC3FB0B4990A24434B,805,5000.0,0.0,ACTIVE,1,2026-07-31 13:48:42,2026-07-31 13:48:42
ACC176A4CE6F8624BC0,806,5000.0,0.0,ACTIVE,1,2026-08-03 22:39:42,2026-08-03 22:39:42
ACC4E982F805C1A46D1,807,5000.0,0.0,ACTIVE,1,2026-08-14 23:52:42,2026-08-14 23:52:42
ACCA781F4CE53CC44D3,808,5000.0,0.0,ACTIVE,1,2026-08-14 20:48:42,2026-08-14 20:48:42
ACC6D765C220AED478C,809,5000.0,0.0,ACTIVE,1,2026-08-04 15:20:42,2026-08-04 15:20:42
ACC42BECB35D3A54EFD,810,5000.0,0.0,ACTIVE,1,2026-07-25 14:42:42,2026-07-25 14:42:42
ACC9D72CD8D4E2747D7,811,5000.0,0.0,ACTIVE,1,2026-08-07 05:13:42,2026-08-07 05:13:42
ACC896B320ADB6C46B7,812,5000.0,0.0,ACTIVE,1,2026-08-07 23:17:42,2026-08-07 23:17:42
ACCD0C1AF263EE9423A,813,5000.0,0.0,ACTIVE,1,2026-07-21 15:23:42,2026-07-21 15:23:42
ACC51D89EFA016F49AE,814,5000.0,0.0,ACTIVE,1,2026-08-07 15:05:42,2026-08-07 15:05:42
ACC386FA42CA0774A99,815,5000.0,0.0,ACTIVE,1,2026-08-09 23:43:42,2026-08-09 23:43:42
ACC12F49461AF8641D3,816,5000.0,0.0,ACTIVE,1,2026-08-10 07:10:42,2026-08-10 07:10:42
ACCD26B1DA40ECD4C55,817,5000.0,0.0,ACTIVE,1,2026-08-11 17:20:42,2026-08-11 17:20:42
ACC10DC9CF29912457E,818,5000.0,0.0,ACTIVE,1,2026-07-25 03:34:42,2026-07-25 03:34:42
ACCF0584C6B46294639,819,5000.0,0.0,ACTIVE,1,2026-08-15 21:50:42,2026-08-15 21:50:42
ACC3BC03C904F5844A4,820,5000.0,0.0,ACTIVE,1,2026-07-26 03:46:42,2026-07-26 03:46:42
ACC141F75EFF3F04CBB,821,5000.0,0.0,ACTIVE,1,2026-08-13 19:09:42,2026-08-13 19:09:42
ACC63FBC2FECC994A64,822,5000.0,0.0,ACTIVE,1,2026-07-27 11:26:42,2026-07-27 11:26:42
ACC83468730E86A4E44,823,5000.0,0.0,ACTIVE,1,2026-08-02 17:49:42,2026-08-02 17:49:42
ACCF273FC2E3BA74E36,824,5000.0,0.0,ACTIVE,1,2026-07-20 09:32:42,2026-07-20 09:32:42
ACC8A6CF4FD992C4038,825,5000.0,0.0,ACTIVE,1,2026-07-24 15:49:42,2026-07-24 15:49:42
ACCE133EFBCB3A64AC5,826,5000.0,0.0,ACTIVE,1,2026-07-20 14:13:42,2026-07-20 14:13:42
ACC55B94862B9C543CE,827,5000.0,0.0,ACTIVE,1,2026-08-05 04:16:42,2026-08-05 04:16:42
ACC8D694F22605B47CB,828,5000.0,0.0,ACTIVE,1,2026-08-05 08:44:42,2026-08-05 08:44:42
ACCD19C65250C414096,829,5000.0,0.0,ACTIVE,1,2026-08-04 04:38:42,2026-08-04 04:38:42
ACCC6A8DEA4D770473E,830,5000.0,0.0,ACTIVE,1,2026-07-22 05:14:42,2026-07-22 05:14:42
ACC80072C2C960C4E0A,831,5000.0,0.0,ACTIVE,1,2026-08-11 20:09:42,2026-08-11 20:09:42
ACC61183ADC60744D88,832,5000.0,0.0,ACTIVE,1,2026-08-13 04:57:42,2026-08-13 04:57:42
ACC05C59BA867FF4734,833,5000.0,0.0,ACTIVE,1,2026-07-22 00:12:42,2026-07-22 00:12:42
ACC5489D0FD64A243F3,834,5000.0,0.0,ACTIVE,1,2026-07-28 06:06:42,2026-07-28 06:06:42
ACC3AAE6E84AE124A9C,835,5000.0,0.0,ACTIVE,1,2026-08-15 20:59:42,2026-08-15 20:59:42
ACCB480DB0975EF4213,836,5000.0,0.0,ACTIVE,1,2026-07-18 03:48:42,2026-07-18 03:48:42
ACCB808B2F750CC403A,837,5000.0,0.0,ACTIVE,1,2026-08-15 16:39:42,2026-08-15 16:39:42
ACC7036650EE7EB4398,838,5000.0,0.0,ACTIVE,1,2026-07-24 21:22:42,2026-07-24 21:22:42
ACCEE6BB8E846D24AA7,839,5000.0,0.0,ACTIVE,1,2026-08-08 21:00:42,2026-08-08 21:00:42
ACC7AACEC5FC4754569,840,5000.0,0.0,ACTIVE,1,2026-07-30 20:11:42,2026-07-30 20:11:42
ACC8C28CB77B0434584,841,5000.0,0.0,ACTIVE,1,2026-08-02 21:09:42,2026-08-02 21:09:42
ACC1A06E608F0654F4A,842,5000.0,0.0,ACTIVE,1,2026-08-04 21:12:42,2026-08-04 21:12:42
ACCCCA05E34794D4A36,843,5000.0,0.0,ACTIVE,1,2026-07-21 00:58:42,2026-07-21 00:58:42
ACC6C43FE55C9974309,844,5000.0,0.0,ACTIVE,1,2026-08-15 21:56:42,2026-08-15 21:56:42
ACCD2E6E73ABBB141ED,845,5000.0,0.0,ACTIVE,1,2026-07-20 03:01:42,2026-07-20 03:01:42
ACC31A66CEAA9334E7C,846,5000.0,0.0,ACTIVE,1,2026-08-14 03:35:42,2026-08-14 03:35:42
ACC8D3C2147089047A2,847,5000.0,0.0,ACTIVE,1,2026-08-08 17:23:42,2026-08-08 17:23:42
ACCDDAF7BE1A6BD4513,848,5000.0,0.0,ACTIVE,1,2026-07-27 06:30:42,2026-07-27 06:30:42
ACCFC051602EA454467,849,5000.0,0.0,ACTIVE,1,2026-08-02 04:04:42,2026-08-02 04:04:42
ACC3FAAA125874044FF,850,5000.0,0.0,ACTIVE,1,2026-08-14 03:27:42,2026-08-14 03:27:42
ACCDF966D303B8C4D9B,851,5000.0,0.0,ACTIVE,1,2026-07-31 19:14:42,2026-07-31 19:14:42
ACC0736D3B9AE8C4802,852,5000.0,0.0,ACTIVE,1,2026-08-04 05:53:42,2026-08-04 05:53:42
ACC25E79E68EFE7489E,853,5000.0,0.0,ACTIVE,1,2026-08-16 16:05:42,2026-08-16 16:05:42
ACC3FA0B5C71A5043E1,854,5000.0,0.0,ACTIVE,1,2026-07-27 08:59:42,2026-07-27 08:59:42
ACCB919278C901545B4,855,5000.0,0.0,ACTIVE,1,2026-08-09 22:13:42,2026-08-09 22:13:42
ACCA50F9DD7C37E48EB,856,5000.0,0.0,ACTIVE,1,2026-08-05 17:03:42,2026-08-05 17:03:42
ACC3EEC2CE054CC48AD,857,5000.0,0.0,ACTIVE,1,2026-08-06 01:06:42,2026-08-06 01:06:42
ACC8CA3D6B2E1DF429B,858,5000.0,0.0,ACTIVE,1,2026-07-31 20:13:42,2026-07-31 20:13:42
ACC165ED29D5C034A6B,859,5000.0,0.0,ACTIVE,1,2026-08-13 15:07:42,2026-08-13 15:07:42
ACCC56BDDDFFF4F4053,860,5000.0,0.0,ACTIVE,1,2026-08-06 07:02:42,2026-08-06 07:02:42
ACC90359C078A39474B,861,5000.0,0.0,ACTIVE,1,2026-07-30 02:32:42,2026-07-30 02:32:42
ACCC450008EAF8A4701,862,5000.0,0.0,ACTIVE,1,2026-07-19 13:24:42,2026-07-19 13:24:42
ACC99745300941D409C,863,5000.0,0.0,ACTIVE,1,2026-08-13 10:16:42,2026-08-13 10:16:42
ACC897154BA9F1849B1,864,5000.0,0.0,ACTIVE,1,2026-08-13 06:42:42,2026-08-13 06:42:42
ACC5D719E8FB0EA42CE,865,5000.0,0.0,ACTIVE,1,2026-07-25 08:49:42,2026-07-25 08:49:42
ACC41E47193758A43C5,866,5000.0,0.0,ACTIVE,1,2026-07-17 22:02:42,2026-07-17 22:02:42
ACCACE0C8AB699A4338,867,5000.0,0.0,ACTIVE,1,2026-07-23 04:26:42,2026-07-23 04:26:42
ACCB69DC477DDF24CB2,868,5000.0,0.0,ACTIVE,1,2026-08-12 03:55:42,2026-08-12 03:55:42
ACCEFB3C8B97A434857,869,5000.0,0.0,ACTIVE,1,2026-07-30 05:02:42,2026-07-30 05:02:42
ACC33F8A8DCD141496E,870,5000.0,0.0,ACTIVE,1,2026-07-18 02:06:42,2026-07-18 02:06:42
ACCE2AA95782F244A25,871,5000.0,0.0,ACTIVE,1,2026-08-10 19:03:42,2026-08-10 19:03:42
ACCCE3F997532AF40A5,872,5000.0,0.0,ACTIVE,1,2026-08-03 21:17:42,2026-08-03 21:17:42
ACC568EF2DDE2FA4AC1,873,5000.0,0.0,ACTIVE,1,2026-07-31 06:29:42,2026-07-31 06:29:42
ACCCFF4E093A5644A3F,874,5000.0,0.0,ACTIVE,1,2026-08-08 06:34:42,2026-08-08 06:34:42
ACC3CA93AFA11484298,875,5000.0,0.0,ACTIVE,1,2026-07-22 14:47:42,2026-07-22 14:47:42
ACCED11A0E8D1144723,876,5000.0,0.0,ACTIVE,1,2026-07-24 19:23:42,2026-07-24 19:23:42
ACC14B2CCE6AAE3478C,877,5000.0,0.0,ACTIVE,1,2026-07-20 08:10:42,2026-07-20 08:10:42
ACCF22E974A07FB42F6,878,5000.0,0.0,ACTIVE,1,2026-08-10 12:16:42,2026-08-10 12:16:42
ACCAD14E39F2D294710,879,5000.0,0.0,ACTIVE,1,2026-07-17 21:47:42,2026-07-17 21:47:42
ACC8936AF105AD748CB,880,5000.0,0.0,ACTIVE,1,2026-07-29 20:15:42,2026-07-29 20:15:42
ACC3F7D66BA77D74ECE,881,5000.0,0.0,ACTIVE,1,2026-07-23 07:20:42,2026-07-23 07:20:42
ACC9D5FC5C57A834D0B,882,5000.0,0.0,ACTIVE,1,2026-07-28 21:10:42,2026-07-28 21:10:42
ACCBF1F877A6A5842CF,883,5000.0,0.0,ACTIVE,1,2026-08-07 05:04:42,2026-08-07 05:04:42
ACCD05608C3C30D4A5D,884,5000.0,0.0,ACTIVE,1,2026-08-13 18:31:42,2026-08-13 18:31:42
ACC3FA1EABA6C564AA3,885,5000.0,0.0,ACTIVE,1,2026-07-26 17:43:42,2026-07-26 17:43:42
ACC88D60799E5DC4CB2,886,5000.0,0.0,ACTIVE,1,2026-08-06 21:39:42,2026-08-06 21:39:42
ACCA250270317A3435E,887,5000.0,0.0,ACTIVE,1,2026-07-25 09:42:42,2026-07-25 09:42:42
ACC656C42C0D0DE4EB4,888,5000.0,0.0,ACTIVE,1,2026-08-05 04:49:42,2026-08-05 04:49:42
ACC0778D8B049CC47BE,889,5000.0,0.0,ACTIVE,1,2026-07-20 11:08:42,2026-07-20 11:08:42
ACCC5CDF86FBD21451F,890,5000.0,0.0,ACTIVE,1,2026-08-09 02:05:42,2026-08-09 02:05:42
ACC5842C453942D47AE,891,5000.0,0.0,ACTIVE,1,2026-07-18 06:31:42,2026-07-18 06:31:42
ACC3DF089C4FB28492E,892,5000.0,0.0,ACTIVE,1,2026-07-30 17:55:42,2026-07-30 17:55:42
ACC198B680C759B4BB0,893,5000.0,0.0,ACTIVE,1,2026-07-28 04:02:42,2026-07-28 04:02:42
ACC4BBF6BBCF5764745,894,5000.0,0.0,ACTIVE,1,2026-07-23 00:21:42,2026-07-23 00:21:42
ACCDAF2243D78E742B3,895,5000.0,0.0,ACTIVE,1,2026-07-22 19:43:42,2026-07-22 19:43:42
ACC10A55E43EBF74F91,896,5000.0,0.0,ACTIVE,1,2026-08-10 21:51:42,2026-08-10 21:51:42
ACCC798382B1E924F2D,897,5000.0,0.0,ACTIVE,1,2026-07-24 02:48:42,2026-07-24 02:48:42
ACC31EB56B339934C6C,898,5000.0,0.0,ACTIVE,1,2026-08-03 10:20:42,2026-08-03 10:20:42
ACC7E2094F1623E4AAA,899,5000.0,0.0,ACTIVE,1,2026-08-11 00:01:42,2026-08-11 00:01:42
ACC9104EAE711EF4AC3,900,5000.0,0.0,ACTIVE,1,2026-08-06 04:10:42,2026-08-06 04:10:42
ACC91386862678F4F8D,901,5000.0,0.0,ACTIVE,1,2026-08-12 08:17:42,2026-08-12 08:17:42
ACC87D9C4DCADBC4B7D,902,5000.0,0.0,ACTIVE,1,2026-07-20 21:36:42,2026-07-20 21:36:42
ACC9D792F3D91E246BC,903,5000.0,0.0,ACTIVE,1,2026-07-30 07:51:42,2026-07-30 07:51:42
ACC6319C5B3AF6049BE,904,5000.0,0.0,ACTIVE,1,2026-08-09 13:22:42,2026-08-09 13:22:42
ACC4E6EE07B64284408,905,5000.0,0.0,ACTIVE,1,2026-08-11 05:21:42,2026-08-11 05:21:42
ACCA572BF8E3B464314,906,5000.0,0.0,ACTIVE,1,2026-08-14 07:41:42,2026-08-14 07:41:42
ACCC9D4D55CFDCF465E,907,5000.0,0.0,ACTIVE,1,2026-08-06 07:37:42,2026-08-06 07:37:42
ACC5BF2F28485A34C47,908,5000.0,0.0,ACTIVE,1,2026-07-31 03:20:42,2026-07-31 03:20:42
ACC6AAC2EAA88054A37,909,5000.0,0.0,ACTIVE,1,2026-07-26 07:27:42,2026-07-26 07:27:42
ACCD0CC47F9FE77414D,910,5000.0,0.0,ACTIVE,1,2026-07-17 23:40:42,2026-07-17 23:40:42
ACC26E6BD64E6F54426,911,5000.0,0.0,ACTIVE,1,2026-08-04 15:31:42,2026-08-04 15:31:42
ACC304E641110A44743,912,5000.0,0.0,ACTIVE,1,2026-07-24 09:54:42,2026-07-24 09:54:42
ACCC937C05C125C4FE2,913,5000.0,0.0,ACTIVE,1,2026-07-31 02:27:42,2026-07-31 02:27:42
ACC07519800B787460A,914,5000.0,0.0,ACTIVE,1,2026-08-06 22:43:42,2026-08-06 22:43:42
ACCC06A696BEFFA432D,915,5000.0,0.0,ACTIVE,1,2026-08-14 15:45:42,2026-08-14 15:45:42
ACC799325D103634C32,916,5000.0,0.0,ACTIVE,1,2026-08-15 22:51:42,2026-08-15 22:51:42
ACC73DFAB77C40A4F50,917,5000.0,0.0,ACTIVE,1,2026-07-19 21:28:42,2026-07-19 21:28:42
ACC8482A7A8BF664396,918,5000.0,0.0,ACTIVE,1,2026-07-29 19:59:42,2026-07-29 19:59:42
ACC0B99019C91334224,919,5000.0,0.0,ACTIVE,1,2026-07-23 21:46:42,2026-07-23 21:46:42
ACC95A21A6638284206,920,5000.0,0.0,ACTIVE,1,2026-07-25 08:53:42,2026-07-25 08:53:42
ACC88B74AD6FDB84524,921,5000.0,0.0,ACTIVE,1,2026-08-15 13:05:42,2026-08-15 13:05:42
ACC5412A0CF8D7F4D25,922,5000.0,0.0,ACTIVE,1,2026-08-14 00:03:42,2026-08-14 00:03:42
ACC713F606CFFFA48FF,923,5000.0,0.0,ACTIVE,1,2026-08-03 06:27:42,2026-08-03 06:27:42
ACCB8396AD7FFA94E53,924,5000.0,0.0,ACTIVE,1,2026-08-03 08:54:42,2026-08-03 08:54:42
ACC14A625EF69944516,925,5000.0,0.0,ACTIVE,1,2026-07-30 18:14:42,2026-07-30 18:14:42
ACC79C7F93D45334D88,926,5000.0,0.0,ACTIVE,1,2026-07-22 19:18:42,2026-07-22 19:18:42
ACCD795A3358A38449B,927,5000.0,0.0,ACTIVE,1,2026-08-05 02:49:42,2026-08-05 02:49:42
ACC990F4688C682423F,928,5000.0,0.0,ACTIVE,1,2026-07-28 16:37:42,2026-07-28 16:37:42
ACC0AE4D25D714F43C0,929,5000.0,0.0,ACTIVE,1,2026-08-03 21:54:42,2026-08-03 21:54:42
ACCBFEC3BECD56B4CF3,930,5000.0,0.0,ACTIVE,1,2026-07-30 11:47:42,2026-07-30 11:47:42
ACCEAEA581D9BEE4D53,931,5000.0,0.0,ACTIVE,1,2026-08-06 22:46:42,2026-08-06 22:46:42
ACCF911E34C57B243EF,932,5000.0,0.0,ACTIVE,1,2026-08-16 01:00:42,2026-08-16 01:00:42
ACC36E854AAD9CD4F78,933,5000.0,0.0,ACTIVE,1,2026-08-13 17:55:42,2026-08-13 17:55:42
ACC1E8DACBFF53F44AD,934,5000.0,0.0,ACTIVE,1,2026-08-04 01:20:42,2026-08-04 01:20:42
ACC005586F38E21490A,935,5000.0,0.0,ACTIVE,1,2026-08-09 19:08:42,2026-08-09 19:08:42
ACC8AFDAF8C64BD4D11,936,5000.0,0.0,ACTIVE,1,2026-08-02 22:01:42,2026-08-02 22:01:42
ACC535D6B8DE7AD4358,937,5000.0,0.0,ACTIVE,1,2026-08-11 13:41:42,2026-08-11 13:41:42
ACC49DE1AF3CF9D40A4,938,5000.0,0.0,ACTIVE,1,2026-08-10 15:44:42,2026-08-10 15:44:42
ACC88B25B802BC6461D,939,5000.0,0.0,ACTIVE,1,2026-07-20 01:26:42,2026-07-20 01:26:42
ACC84CF1383A96E48E1,940,5000.0,0.0,ACTIVE,1,2026-08-06 21:51:42,2026-08-06 21:51:42
ACC4DB86770332448DE,941,5000.0,0.0,ACTIVE,1,2026-08-09 19:18:42,2026-08-09 19:18:42
ACC6694F8619A5C45C8,942,5000.0,0.0,ACTIVE,1,2026-08-05 14:13:42,2026-08-05 14:13:42
ACC783DF86C9B5142CF,943,5000.0,0.0,ACTIVE,1,2026-08-06 23:51:42,2026-08-06 23:51:42
ACC4BF03E51AFC24863,944,5000.0,0.0,ACTIVE,1,2026-08-01 04:34:42,2026-08-01 04:34:42
ACCB0DDFC5D552149B2,945,5000.0,0.0,ACTIVE,1,2026-07-25 00:46:42,2026-07-25 00:46:42
ACC28728761CAA942C5,946,5000.0,0.0,ACTIVE,1,2026-08-05 08:28:42,2026-08-05 08:28:42
ACC52A96B5E598742AB,947,5000.0,0.0,ACTIVE,1,2026-08-06 11:05:42,2026-08-06 11:05:42
ACCA12FE10C891746E4,948,5000.0,0.0,ACTIVE,1,2026-08-08 07:47:42,2026-08-08 07:47:42
ACC0BBF6810564D441F,949,5000.0,0.0,ACTIVE,1,2026-08-02 04:33:42,2026-08-02 04:33:42
ACC5D73F3F4C8174868,950,5000.0,0.0,ACTIVE,1,2026-07-30 15:44:42,2026-07-30 15:44:42
ACC436F6AB5F1A74185,951,5000.0,0.0,ACTIVE,1,2026-07-21 10:01:42,2026-07-21 10:01:42
ACC3AB8663E7F874D24,952,5000.0,0.0,ACTIVE,1,2026-08-10 10:09:42,2026-08-10 10:09:42
ACC5D3C942B7D304B77,953,5000.0,0.0,ACTIVE,1,2026-07-24 15:58:42,2026-07-24 15:58:42
ACCBE652303DB324DB7,954,5000.0,0.0,ACTIVE,1,2026-07-27 18:03:42,2026-07-27 18:03:42
ACC66B5E1A1A1E04D17,955,5000.0,0.0,ACTIVE,1,2026-08-04 00:42:42,2026-08-04 00:42:42
ACC9CD534D0EBFC4B9F,956,5000.0,0.0,ACTIVE,1,2026-08-08 00:58:42,2026-08-08 00:58:42
ACCC6330CC0B34F489D,957,5000.0,0.0,ACTIVE,1,2026-07-27 14:32:42,2026-07-27 14:32:42
ACC8DEE7C5236224B6B,958,5000.0,0.0,ACTIVE,1,2026-07-19 00:09:42,2026-07-19 00:09:42
ACC2E8291D8F1AE4D69,959,5000.0,0.0,ACTIVE,1,2026-08-02 02:23:42,2026-08-02 02:23:42
ACC7FAB26098B184DA5,960,5000.0,0.0,ACTIVE,1,2026-08-05 02:55:42,2026-08-05 02:55:42
ACC84137560768B4295,961,5000.0,0.0,ACTIVE,1,2026-07-26 13:07:42,2026-07-26 13:07:42
ACC42AC8F447BE34695,962,5000.0,0.0,ACTIVE,1,2026-08-02 13:44:42,2026-08-02 13:44:42
ACC46B1E3C4D2B24C36,963,5000.0,0.0,ACTIVE,1,2026-07-26 14:08:42,2026-07-26 14:08:42
ACC676E8A7E944E417D,964,5000.0,0.0,ACTIVE,1,2026-08-15 11:07:42,2026-08-15 11:07:42
ACC7A4E00A150094DEE,965,5000.0,0.0,ACTIVE,1,2026-08-14 10:32:42,2026-08-14 10:32:42
ACCA6D2D34D0E0E4536,966,5000.0,0.0,ACTIVE,1,2026-07-26 12:22:42,2026-07-26 12:22:42
ACC61BBF96AEA234AA6,967,5000.0,0.0,ACTIVE,1,2026-08-01 03:59:42,2026-08-01 03:59:42
ACC63F9DAE5F7474BF6,968,5000.0,0.0,ACTIVE,1,2026-07-27 08:49:42,2026-07-27 08:49:42
ACC0EBF3D3729074CC2,969,5000.0,0.0,ACTIVE,1,2026-07-20 19:39:42,2026-07-20 19:39:42
ACC226BF8E42F9C4B1D,970,5000.0,0.0,ACTIVE,1,2026-07-29 13:31:42,2026-07-29 13:31:42
ACCF4F169C5424348A4,971,5000.0,0.0,ACTIVE,1,2026-07-28 21:58:42,2026-07-28 21:58:42
ACC421CE1E4C858419E,972,5000.0,0.0,ACTIVE,1,2026-08-08 05:57:42,2026-08-08 05:57:42
ACC90E78CEF964E4BC0,973,5000.0,0.0,ACTIVE,1,2026-08-04 07:03:42,2026-08-04 07:03:42
ACCBCDEE648D5914E34,974,5000.0,0.0,ACTIVE,1,2026-07-22 02:59:42,2026-07-22 02:59:42
ACCB9ADC94AB79E49C4,975,5000.0,0.0,ACTIVE,1,2026-07-31 14:27:42,2026-07-31 14:27:42
ACCD61103D0146B41D1,976,5000.0,0.0,ACTIVE,1,2026-08-14 02:14:42,2026-08-14 02:14:42
ACC2BBF9B65551A4C0B,977,5000.0,0.0,ACTIVE,1,2026-08-12 13:45:42,2026-08-12 13:45:42
ACCFB3B4065B4F94258,978,5000.0,0.0,ACTIVE,1,2026-07-25 15:13:42,2026-07-25 15:13:42
ACC6F0324D2390C48AF,979,5000.0,0.0,ACTIVE,1,2026-07-22 08:09:42,2026-07-22 08:09:42
ACC79613D38100648BD,980,5000.0,0.0,ACTIVE,1,2026-07-26 03:25:42,2026-07-26 03:25:42
ACCBF9D85B101C14A52,981,5000.0,0.0,ACTIVE,1,2026-08-10 22:02:42,2026-08-10 22:02:42
ACCD09EA111AB524A8B,982,5000.0,0.0,ACTIVE,1,2026-08-09 17:47:42,2026-08-09 17:47:42
ACC774603191A5B4E40,983,5000.0,0.0,ACTIVE,1,2026-08-11 14:15:42,2026-08-11 14:15:42
ACCF8DABF4C1335495C,984,5000.0,0.0,ACTIVE,1,2026-07-19 00:46:42,2026-07-19 00:46:42
ACCDDE7B194825045B2,985,5000.0,0.0,ACTIVE,1,2026-08-08 13:22:42,2026-08-08 13:22:42
ACC021D318745CB44A0,986,5000.0,0.0,ACTIVE,1,2026-07-28 22:54:42,2026-07-28 22:54:42
ACC3B91ED29D32146C9,987,5000.0,0.0,ACTIVE,1,2026-08-10 04:17:42,2026-08-10 04:17:42
ACC6B026BDD774C438A,988,5000.0,0.0,ACTIVE,1,2026-08-11 11:02:42,2026-08-11 11:02:42
ACCD3B2043ECC2F48F8,989,5000.0,0.0,ACTIVE,1,2026-08-12 00:03:42,2026-08-12 00:03:42
ACC38862D5140494AE8,990,5000.0,0.0,ACTIVE,1,2026-07-26 02:39:42,2026-07-26 02:39:42
ACC38F25CB8B803469D,991,5000.0,0.0,ACTIVE,1,2026-07-18 04:17:42,2026-07-18 04:17:42
ACCDD0CB22834FC486D,992,5000.0,0.0,ACTIVE,1,2026-08-09 06:31:42,2026-08-09 06:31:42
ACC2F3E1C88A0784EFD,993,5000.0,0.0,ACTIVE,1,2026-08-16 12:22:42,2026-08-16 12:22:42
ACCAF9D4999C2EB4D2A,994,5000.0,0.0,ACTIVE,1,2026-07-21 14:17:42,2026-07-21 14:17:42
ACC8DC2109C1C3D4FC8,995,5000.0,0.0,ACTIVE,1,2026-07-31 23:17:42,2026-07-31 23:17:42
ACC674059C8C8B34BEF,996,5000.0,0.0,ACTIVE,1,2026-07-31 15:50:42,2026-07-31 15:50:42
ACCDB5D8927C6044A8E,997,5000.0,0.0,ACTIVE,1,2026-07-18 23:21:42,2026-07-18 23:21:42
ACC37A09AAEE18A4857,998,5000.0,0.0,ACTIVE,1,2026-07-31 05:32:42,2026-07-31 05:32:42
ACCDED875548C7A4412,999,5000.0,0.0,ACTIVE,1,2026-08-03 11:04:42,2026-08-03 11:04:42
ACC09240605D8894420,1000,5000.0,0.0,ACTIVE,1,2026-08-05 00:04:42,2026-08-05 00:04:42
